Ticker,Date,Open,High,Low,Close,Volume,AVR,CAR_10,Vol_Spike,Return_Z,Candle_Direction,Body_Size,Upper_Shadow,Lower_Shadow,Price_Momentum_5,Volume_Surge,IF_Flag_Enhanced,IF_Score_Enhanced,Signal_Quality,RF_Prediction,RF_Probability_Buy,RF_Probability_Sell,Final_Signal
INNOVACAP,2023-12-29,450.77,540.9,450.77,539.8,15496570,1.0,,0,,1,0.197506,0.002038,0.0,,1.0,1,-0.0082,0,0,0.0667,0.0167,LOW_QUALITY_FLAG
INNOVACAP,2024-01-01,533.42,547.28,504.51,528.78,3492240,0.3678,-0.020898,0,,-1,0.008699,0.026211,0.045898,,0.3678,0,0.0932,0,0,0.0,0.0,NO_SIGNAL
INNOVACAP,2024-01-02,528.39,586.26,526.74,563.83,2538466,0.3538,0.048887,0,0.7071,1,0.067072,0.039781,0.002926,,0.3538,0,0.0614,0,0,0.0,0.0,NO_SIGNAL
INNOVACAP,2024-01-03,563.83,577.29,545.43,548.23,931875,0.166,0.028071,0,-0.6453,-1,0.027668,0.024552,0.005107,,0.166,0,0.1271,0,0,0.0,0.0,NO_SIGNAL
INNOVACAP,2024-01-04,548.43,555.36,531.58,535.91,541015,0.1176,-0.000965,0,-0.4756,-1,0.022829,0.012931,0.00808,,0.1176,0,0.1509,0,0,0.0,0.0,NO_SIGNAL
INNOVACAP,2024-01-05,536.41,551.62,529.33,535.56,969102,0.2426,-0.004028,0,0.0085,-1,0.001585,0.0284,0.011633,,0.5719,0,0.1454,0,0,0.0,0.0,NO_SIGNAL
INNOVACAP,2024-01-08,533.42,536.41,510.49,521.95,758943,0.2148,-0.02033,0,-0.5614,-1,0.021503,0.005729,0.021956,,0.6612,0,0.1705,0,0,0.0,0.0,NO_SIGNAL
INNOVACAP,2024-01-09,528.48,536.16,516.47,525.29,499482,0.1584,-0.015412,0,0.2941,-1,0.006036,0.01462,0.016791,,0.6749,0,0.1644,0,0,0.0,0.0,NO_SIGNAL
INNOVACAP,2024-01-10,519.06,531.43,513.58,519.36,333937,0.1176,-0.030129,0,-0.2219,1,0.000578,0.02324,0.010551,,0.5382,0,0.1331,0,0,0.0,0.0,NO_SIGNAL
INNOVACAP,2024-01-11,520.51,526.79,514.88,517.07,293035,0.1133,-0.035856,0,-0.0002,-1,0.006609,0.012145,0.004235,,0.5133,0,0.1692,0,0,0.0,0.0,NO_SIGNAL
INNOVACAP,2024-01-12,517.47,532.42,512.68,517.62,444380,0.1859,-0.046218,0,0.1795,1,0.00029,0.028592,0.009254,,0.9537,0,0.1307,0,0,0.0,0.0,NO_SIGNAL
INNOVACAP,2024-01-15,517.62,517.62,517.62,517.62,0,0.0,-0.034587,0,0.1347,-1,0.0,0.0,0.0,,0.0,0,0.1037,0,0,0.0,0.0,NO_SIGNAL
INNOVACAP,2024-01-16,512.13,514.43,499.52,505.95,185366,0.091,-0.123969,0,-0.6863,-1,0.012067,0.004546,0.012709,,0.7375,0,0.1594,0,0,0.0,0.0,NO_SIGNAL
INNOVACAP,2024-01-17,498.42,518.96,494.54,516.22,275306,0.144,-0.061961,0,0.9248,1,0.035713,0.005308,0.007516,,1.1489,0,0.141,0,0,0.0,0.0,NO_SIGNAL
INNOVACAP,2024-01-18,521.46,523.45,499.92,517.67,244371,0.1357,-0.025031,0,0.2264,-1,0.007268,0.003844,0.034288,,1.063,0,0.1404,0,0,0.0,0.0,NO_SIGNAL
INNOVACAP,2024-01-19,575.65,582.18,529.83,537.86,1243047,0.7041,0.009572,0,1.5054,-1,0.065648,0.012141,0.01493,,3.1904,0,0.004,0,0,0.0,0.0,NO_SIGNAL
INNOVACAP,2024-01-23,525.39,528.88,508.69,515.87,262425,0.1565,0.002731,0,-1.4217,-1,0.01812,0.006765,0.013918,,0.5936,0,0.1632,0,0,0.0,0.0,NO_SIGNAL
INNOVACAP,2024-01-24,513.48,524.75,507.5,522.0,130040,0.0817,-0.000434,0,0.513,1,0.016593,0.005268,0.011456,,0.3017,0,0.1513,0,0,0.0,0.0,NO_SIGNAL
INNOVACAP,2024-01-25,522.0,528.43,501.32,514.38,287078,0.1886,0.004409,0,-0.4746,-1,0.014598,0.0125,0.02539,,0.6624,0,0.1581,0,0,0.0,0.0,NO_SIGNAL
INNOVACAP,2024-01-29,513.53,519.36,501.51,507.5,488479,0.3321,-0.02127,0,-0.4143,-1,0.011742,0.011488,0.011803,,1.013,0,0.1824,0,0,0.0,0.0,NO_SIGNAL
INNOVACAP,2024-01-30,508.49,514.48,501.51,512.03,366266,0.2583,0.007932,0,0.4577,1,0.006962,0.004785,0.013632,0.003421,1.1936,0,0.1672,0,0,0.0,0.0,NO_SIGNAL
INNOVACAP,2024-01-31,511.49,518.56,509.39,515.52,100137,0.0737,0.014555,0,0.3623,1,0.007879,0.005897,0.004074,0.024398,0.3649,0,0.1551,0,0,0.0,0.0,NO_SIGNAL
INNOVACAP,2024-02-01,515.47,522.45,511.98,520.46,97115,0.0745,0.045035,0,0.4641,1,0.00968,0.003824,0.006706,0.07397,0.3626,0,0.1385,0,0,0.0,0.0,NO_SIGNAL
INNOVACAP,2024-02-02,520.91,536.71,516.97,532.07,248473,0.1973,0.018944,0,0.9594,1,0.021424,0.008721,0.007405,0.063868,0.9553,0,0.1621,0,0,0.0,0.0,NO_SIGNAL
INNOVACAP,2024-02-05,528.48,544.39,526.44,535.17,171630,0.1411,0.020633,0,0.2563,1,0.012659,0.017228,0.003812,0.055903,0.8724,0,0.1621,0,0,0.0,0.0,NO_SIGNAL
INNOVACAP,2024-02-06,531.43,548.87,526.99,539.4,139265,0.1186,-0.010246,0,0.3385,1,0.014997,0.017557,0.008231,0.046284,0.9203,0,0.162,0,0,0.0,0.0,NO_SIGNAL
INNOVACAP,2024-02-07,541.1,553.91,534.87,545.24,172111,0.1513,0.023674,0,0.4565,1,0.007651,0.015901,0.011426,0.013029,1.0386,0,0.1663,0,0,0.0,0.0,NO_SIGNAL
INNOVACAP,2024-02-08,545.24,553.21,524.3,530.08,84629,0.0769,0.003809,0,-1.2118,-1,0.027804,0.015035,0.010904,0.009365,0.5185,0,0.1513,0,0,0.0,0.0,NO_SIGNAL
INNOVACAP,2024-02-09,530.33,532.77,511.68,525.14,111548,0.1047,0.001392,0,-0.3856,-1,0.009786,0.004646,0.025631,-0.024154,0.8212,0,0.1553,0,0,0.0,0.0,NO_SIGNAL
INNOVACAP,2024-02-12,538.31,548.38,529.53,543.64,274248,0.2639,0.075668,0,1.5215,1,0.009901,0.008719,0.01615,-0.035559,1.754,0,0.1233,0,0,0.0,0.0,NO_SIGNAL
INNOVACAP,2024-02-13,553.36,568.32,529.43,548.63,204146,0.2016,0.060122,0,0.3733,-1,0.008548,0.027268,0.034996,-0.042797,1.2056,0,0.1036,0,0,0.0,0.0,NO_SIGNAL
INNOVACAP,2024-02-14,529.38,548.87,524.5,544.74,154700,0.157,0.051224,0,-0.3439,1,0.029015,0.007582,0.008958,-0.053311,0.9327,0,0.1482,0,0,0.0,0.0,NO_SIGNAL
INNOVACAP,2024-02-15,553.36,553.36,519.61,531.68,91537,0.0955,0.013129,0,-1.0683,-1,0.039179,0.0,0.022702,-0.047836,0.5474,0,0.132,0,0,0.0,0.0,NO_SIGNAL
INNOVACAP,2024-02-16,534.22,542.29,526.69,529.43,70015,0.0751,-0.012135,0,-0.177,-1,0.008966,0.015243,0.005175,-0.017421,0.4405,0,0.1674,0,0,0.0,0.0,NO_SIGNAL
INNOVACAP,2024-02-19,534.37,537.81,519.51,522.2,56036,0.0618,-0.039074,0,-0.5957,-1,0.022774,0.006588,0.005151,-0.048189,0.4861,0,0.1679,0,0,0.0,0.0,NO_SIGNAL
INNOVACAP,2024-02-20,522.7,533.02,519.46,525.24,91734,0.1037,-0.03729,0,0.2986,1,0.004859,0.014812,0.006169,-0.01917,0.9885,0,0.1626,0,0,0.0,0.0,NO_SIGNAL
INNOVACAP,2024-02-21,530.43,531.87,514.48,520.71,88132,0.1021,-0.050299,0,-0.3713,-1,0.018325,0.002765,0.011964,-0.053495,1.1087,0,0.1706,0,0,0.0,0.0,NO_SIGNAL
INNOVACAP,2024-02-22,524.4,525.19,515.47,522.5,51432,0.0611,-0.036112,0,0.1973,-1,0.003623,0.001512,0.013455,-0.018224,0.7196,0,0.1667,0,0,0.0,0.0,NO_SIGNAL
INNOVACAP,2024-02-23,519.96,536.41,517.52,530.13,98525,0.1198,-0.009004,0,0.7187,1,0.019559,0.011846,0.004603,-0.029297,1.2767,0,0.1586,0,0,0.0,0.0,NO_SIGNAL
INNOVACAP,2024-02-26,531.23,546.38,527.04,532.07,59412,0.0739,-0.044134,0,0.1873,1,0.001581,0.026895,0.007875,-0.029513,0.7632,0,0.136,0,0,0.0,0.0,NO_SIGNAL
INNOVACAP,2024-02-27,533.42,539.3,532.42,534.57,66868,0.0851,-0.046178,0,0.2352,1,0.002156,0.008848,0.001871,-0.026258,0.9176,0,0.1561,0,0,0.0,0.0,NO_SIGNAL
INNOVACAP,2024-02-28,541.8,565.03,534.67,543.29,248267,0.3212,-0.007188,0,0.7944,1,0.00275,0.040015,0.013124,-0.010504,2.3667,0,0.0823,0,0,0.0,0.0,NO_SIGNAL
INNOVACAP,2024-02-29,534.42,535.31,521.61,527.34,75847,0.1002,-0.010776,0,-1.4241,-1,0.013248,0.001688,0.010866,-0.003956,0.6909,0,0.1624,0,0,0.0,0.0,NO_SIGNAL
INNOVACAP,2024-03-01,528.48,534.42,525.54,531.18,45924,0.062,-0.009523,0,0.3701,1,0.005109,0.0061,0.005535,0.003653,0.4626,0,0.158,0,0,0.0,0.0,NO_SIGNAL
INNOVACAP,2024-03-04,528.88,535.36,522.05,524.5,63144,0.087,-0.007736,0,-0.6056,-1,0.008282,0.012355,0.004671,0.00571,0.6314,0,0.1725,0,0,0.0,0.0,NO_SIGNAL
INNOVACAP,2024-03-05,521.46,525.39,521.46,523.4,23577,0.0332,-0.010078,0,-0.081,1,0.00372,0.003802,0.0,0.008767,0.2581,0,0.1318,0,0,0.0,0.0,NO_SIGNAL
INNOVACAP,2024-03-06,522.35,525.0,513.08,522.55,39441,0.0567,-0.014737,0,-0.0564,1,0.000383,0.004689,0.01774,0.00344,0.7954,0,0.1409,0,0,0.0,0.0,NO_SIGNAL
INNOVACAP,2024-03-07,513.73,526.44,513.73,524.55,233765,0.3406,-0.007853,0,0.2198,1,0.021062,0.003603,0.0,0.005142,2.8799,0,0.0925,0,0,0.0,0.0,NO_SIGNAL
INNOVACAP,2024-03-11,516.52,526.44,515.32,518.66,26688,0.0397,-0.026746,0,-0.5505,1,0.004143,0.015,0.002314,-0.011231,0.3451,0,0.1307,0,0,0.0,0.0,NO_SIGNAL
INNOVACAP,2024-03-12,518.96,524.45,494.04,511.39,133277,0.2013,-0.04864,0,-0.6852,-1,0.014587,0.010735,0.033927,0.034327,1.459,0,0.1285,0,0,0.0,0.0,NO_SIGNAL
INNOVACAP,2024-03-13,512.78,512.78,470.11,477.74,96529,0.1483,-0.100558,0,-3.0247,-1,0.068333,0.0,0.015971,0.041975,0.9112,0,0.053,0,0,0.0,0.0,NO_SIGNAL
INNOVACAP,2024-03-14,470.56,486.86,460.64,480.53,110232,0.1721,-0.128937,0,0.3793,1,0.021188,0.013173,0.020644,0.037459,0.9178,0,0.1271,0,0,0.0,0.0,NO_SIGNAL
INNOVACAP,2024-03-15,476.19,484.27,465.62,477.69,44164,0.0702,-0.09848,0,-0.1827,1,0.00315,0.013775,0.022127,0.012212,0.5374,0,0.1231,0,0,0.0,0.0,NO_SIGNAL
INNOVACAP,2024-03-18,478.53,482.57,465.67,476.44,77297,0.1249,-0.093656,0,-0.023,-1,0.004368,0.00848,0.022605,0.018687,0.8375,0,0.1514,0,0,0.0,0.0,NO_SIGNAL
INNOVACAP,2024-03-19,479.08,494.54,461.03,476.94,82830,0.1359,-0.066236,0,0.1549,-1,0.004467,0.032415,0.033358,0.019306,1.0075,0,0.0941,0,0,0.0,0.0,NO_SIGNAL
INNOVACAP,2024-03-20,476.94,483.52,469.61,473.5,23807,0.0398,-0.074544,0,-0.2506,-1,0.007213,0.013897,0.008215,0.089632,0.3518,0,0.1452,0,0,0.0,0.0,NO_SIGNAL
INNOVACAP,2024-03-21,476.29,482.22,461.63,468.66,73893,0.1253,-0.08579,0,-0.3964,-1,0.01602,0.012653,0.015,0.075258,1.2234,0,0.1505,0,0,0.0,0.0,NO_SIGNAL
INNOVACAP,2024-03-22,468.66,492.44,468.66,485.31,75179,0.1294,-0.057074,0,1.8257,1,0.035527,0.014692,0.0,0.087129,1.1288,0,0.0956,0,0,0.0,0.0,NO_SIGNAL
INNOVACAP,2024-03-26,478.03,492.24,465.72,467.52,139495,0.2433,-0.085489,0,-1.661,-1,0.021986,0.030394,0.00385,0.099381,1.7648,0,0.074,0,0,0.0,0.0,NO_SIGNAL
INNOVACAP,2024-03-27,464.67,470.86,449.12,453.11,242079,0.4263,-0.107563,0,-1.3458,-1,0.024878,0.013661,0.008806,0.098437,2.183,0,0.0957,0,0,0.0,0.0,NO_SIGNAL
INNOVACAP,2024-03-28,453.71,459.69,441.94,448.22,167019,0.2976,-0.076874,0,-0.3819,-1,0.0121,0.013342,0.014011,0.108142,1.197,0,0.151,0,0,0.0,0.0,NO_SIGNAL
INNOVACAP,2024-04-01,454.9,461.53,447.77,449.02,193835,0.3491,-0.080209,0,0.2235,-1,0.012926,0.014765,0.002784,0.13161,1.1854,0,0.134,0,0,0.0,0.0,NO_SIGNAL
INNOVACAP,2024-04-02,452.66,463.48,445.98,457.45,294606,0.5345,-0.060705,0,1.0327,1,0.010582,0.013182,0.014603,0.075126,1.4204,0,0.1332,0,0,0.0,0.0,NO_SIGNAL
INNOVACAP,2024-04-03,458.69,479.28,457.94,473.45,165435,0.3035,-0.020811,0,1.7601,1,0.032179,0.012314,0.001584,0.121367,0.7782,0,0.1125,0,0,0.0,0.0,NO_SIGNAL
INNOVACAP,2024-04-04,476.74,478.28,466.62,467.07,75702,0.1407,-0.049704,0,-0.5492,-1,0.020284,0.003297,0.000963,0.140304,0.4222,0,0.1363,0,0,0.0,0.0,NO_SIGNAL
INNOVACAP,2024-04-05,466.72,471.55,461.18,462.73,74824,0.1409,-0.050749,0,-0.3452,-1,0.008549,0.010438,0.00335,0.148288,0.4651,0,0.1436,0,0,0.0,0.0,NO_SIGNAL
INNOVACAP,2024-04-08,462.78,472.6,460.64,466.02,70819,0.1351,-0.03228,0,0.4443,1,0.007001,0.01412,0.004592,0.146041,0.5197,0,0.1366,0,0,0.0,0.0,NO_SIGNAL
INNOVACAP,2024-04-09,468.11,469.61,461.63,462.78,16608,0.0321,-0.069868,0,-0.2384,-1,0.011386,0.003241,0.002485,0.12941,0.2059,0,0.1265,0,0,0.0,0.0,NO_SIGNAL
INNOVACAP,2024-04-10,463.58,470.61,458.69,468.96,41648,0.0817,-0.028927,0,0.7485,1,0.011605,0.003518,0.010427,0.08634,0.7448,0,0.1447,0,0,0.0,0.0,NO_SIGNAL
INNOVACAP,2024-04-12,476.49,484.76,466.57,482.42,115776,0.2297,0.046305,0,1.4685,1,0.012445,0.004851,0.020563,0.089514,1.8108,0,0.106,0,0,0.0,0.0,NO_SIGNAL
INNOVACAP,2024-04-15,482.42,488.55,466.87,484.32,71886,0.1444,0.081186,0,0.2592,1,0.003938,0.008734,0.032107,0.032885,1.1348,0,0.1121,0,0,0.0,0.0,NO_SIGNAL
INNOVACAP,2024-04-16,477.04,483.47,471.6,479.03,23155,0.0471,0.080123,0,-0.4662,1,0.004172,0.009269,0.011356,0.031039,0.4303,0,0.1302,0,0,0.0,0.0,NO_SIGNAL
INNOVACAP,2024-04-18,474.69,487.06,471.2,476.94,42241,0.0871,0.063464,0,-0.1414,1,0.00474,0.021219,0.007317,0.032168,0.7167,0,0.1415,0,0,0.0,0.0,NO_SIGNAL
INNOVACAP,2024-04-19,470.61,478.58,466.17,468.81,28520,0.0595,0.003738,0,-0.7634,-1,0.003825,0.017,0.005631,0.015695,0.5064,0,0.1543,0,0,0.0,0.0,NO_SIGNAL
INNOVACAP,2024-04-22,468.81,473.3,468.66,470.16,14055,0.0297,0.015108,0,0.2282,1,0.00288,0.006679,0.000319,-0.011198,0.3907,0,0.143,0,0,0.0,0.0,NO_SIGNAL
INNOVACAP,2024-04-23,470.16,472.6,463.93,467.91,25137,0.0538,0.018157,0,-0.1553,-1,0.004786,0.005215,0.008506,-0.022077,0.9442,0,0.1719,0,0,0.0,0.0,NO_SIGNAL
INNOVACAP,2024-04-24,469.11,473.6,464.03,472.6,39922,0.0865,0.02631,0,0.5874,1,0.00744,0.002116,0.010749,-0.02183,1.3318,0,0.1466,0,0,0.0,0.0,NO_SIGNAL
INNOVACAP,2024-04-25,468.86,474.44,468.66,470.56,15422,0.0338,0.020409,0,-0.1391,1,0.003626,0.008245,0.000425,0.017016,0.6266,0,0.1515,0,0,0.0,0.0,NO_SIGNAL
INNOVACAP,2024-04-26,465.67,473.6,463.73,468.16,26673,0.0592,0.013523,0,-0.178,1,0.005347,0.01162,0.004144,-0.002755,1.1003,0,0.1582,0,0,0.0,0.0,NO_SIGNAL
INNOVACAP,2024-04-29,459.69,473.6,459.69,471.3,49229,0.1106,-0.028741,0,0.4256,1,0.025256,0.00488,0.0,-0.03772,1.574,0,0.1363,0,0,0.0,0.0,NO_SIGNAL
INNOVACAP,2024-04-30,473.6,474.59,465.02,471.7,30795,0.07,-0.041092,0,0.1222,-1,0.004012,0.002099,0.014162,-0.044285,0.9502,0,0.1626,0,0,0.0,0.0,NO_SIGNAL
INNOVACAP,2024-05-02,474.79,475.59,461.13,463.88,64580,0.1483,-0.054259,0,-0.7759,-1,0.022979,0.001725,0.005928,-0.051545,1.7295,0,0.1456,0,0,0.0,0.0,NO_SIGNAL
INNOVACAP,2024-05-03,467.47,467.47,453.71,456.95,39903,0.0926,-0.06409,0,-0.6844,-1,0.022504,0.0,0.00709,-0.02783,0.9448,0,0.1708,0,0,0.0,0.0,NO_SIGNAL
INNOVACAP,2024-05-06,463.93,465.47,449.77,458.09,29622,0.0695,-0.036202,0,0.2257,-1,0.012588,0.003362,0.018162,0.010933,0.6917,0,0.1613,0,0,0.0,0.0,NO_SIGNAL
INNOVACAP,2024-05-07,458.59,461.68,448.92,454.95,17090,0.0406,-0.031138,0,-0.2643,-1,0.007937,0.006792,0.013254,-0.008742,0.4695,0,0.1686,0,0,0.0,0.0,NO_SIGNAL
INNOVACAP,2024-05-08,460.59,461.58,449.42,460.59,19702,0.0473,-0.01254,0,0.7469,-1,0.0,0.002149,0.024252,-0.018928,0.5764,0,0.1214,0,0,0.0,0.0,NO_SIGNAL
INNOVACAP,2024-05-09,459.74,463.63,450.32,451.01,18587,0.0451,-0.026355,0,-1.0014,-1,0.018989,0.008625,0.00153,0.004465,0.7441,0,0.1552,0,0,0.0,0.0,NO_SIGNAL
INNOVACAP,2024-05-10,458.54,460.64,449.67,457.59,21080,0.0517,-0.004402,0,0.866,-1,0.002072,0.004589,0.017308,0.012615,0.9936,0,0.1387,0,0,0.0,0.0,NO_SIGNAL
INNOVACAP,2024-05-13,457.74,466.02,453.91,459.54,28385,0.0704,-0.00392,0,0.3157,1,0.003932,0.014101,0.008334,0.023252,1.3537,0,0.1545,0,0,0.0,0.0,NO_SIGNAL
INNOVACAP,2024-05-14,461.38,472.2,459.29,467.52,29654,0.0743,0.011557,0,1.0035,1,0.013308,0.01001,0.00447,0.058515,1.2629,0,0.1444,0,0,0.0,0.0,NO_SIGNAL
INNOVACAP,2024-05-15,471.6,483.37,468.61,477.39,67511,0.1707,0.030896,0,1.1872,1,0.012277,0.012526,0.006263,0.050784,2.0431,0,0.1278,0,0,0.0,0.0,NO_SIGNAL
INNOVACAP,2024-05-16,479.58,494.29,478.08,487.56,331501,0.8397,0.061538,0,1.1815,1,0.01664,0.013803,0.003077,0.063234,3.4666,0,0.0481,0,0,0.0,0.0,NO_SIGNAL
INNOVACAP,2024-05-17,487.66,503.41,485.06,501.07,106766,0.2726,0.093797,0,1.4946,1,0.027499,0.00467,0.005189,0.044426,0.9468,0,0.1316,0,0,0.0,0.0,NO_SIGNAL
INNOVACAP,2024-05-21,515.62,515.62,500.17,502.01,32618,0.0841,0.088901,0,0.1315,-1,0.026395,0.0,0.003665,0.021601,0.2871,0,0.1333,0,0,0.0,0.0,NO_SIGNAL
INNOVACAP,2024-05-22,502.51,505.95,483.02,489.5,40772,0.1061,0.061537,0,-1.2712,-1,0.02589,0.007028,0.013238,0.005879,0.352,0,0.1438,0,0,0.0,0.0,NO_SIGNAL
INNOVACAP,2024-05-23,485.56,503.51,485.56,494.78,44997,0.1182,0.04356,0,0.6111,1,0.018988,0.017644,0.0,-0.020998,0.4042,0,0.1414,0,0,0.0,0.0,NO_SIGNAL
INNOVACAP,2024-05-24,501.02,502.01,481.87,484.37,34357,0.0911,0.028309,0,-1.0642,-1,0.033232,0.002044,0.005161,-0.031448,0.662,0,0.1536,0,0,0.0,0.0,NO_SIGNAL
INNOVACAP,2024-05-27,488.55,498.57,478.58,494.88,46474,0.1244,0.040942,0,1.1849,1,0.012957,0.007456,0.020146,-0.064037,1.1664,0,0.1389,0,0,0.0,0.0,NO_SIGNAL
INNOVACAP,2024-05-28,496.53,496.53,485.11,486.36,14003,0.0378,0.023612,0,-0.8643,-1,0.020482,0.0,0.00257,-0.07005,0.3877,0,0.1443,0,0,0.0,0.0,NO_SIGNAL
INNOVACAP,2024-05-29,489.05,493.54,478.63,488.45,17950,0.049,0.023707,0,0.2729,-1,0.001227,0.009192,0.020104,-0.038534,0.5688,0,0.1471,0,0,0.0,0.0,NO_SIGNAL
INNOVACAP,2024-05-30,493.04,504.01,453.91,467.71,123318,0.3386,-0.031128,0,-2.1501,-1,0.051375,0.023455,0.029505,-0.046252,2.6115,0,0.0325,0,0,0.0,0.0,NO_SIGNAL
INNOVACAP,2024-05-31,470.86,486.51,470.86,479.18,68823,0.1905,-0.02062,0,1.3262,1,0.01767,0.015297,0.0,-0.043698,1.2718,0,0.1425,0,0,0.0,0.0,NO_SIGNAL
INNOVACAP,2024-06-03,483.57,491.49,468.61,477.09,257335,0.7143,-0.082454,0,-0.1741,-1,0.0134,0.016601,0.017774,-0.080023,2.6726,0,0.0909,0,0,0.0,0.0,NO_SIGNAL
INNOVACAP,2024-06-04,477.09,483.57,420.11,454.9,96169,0.2688,-0.068745,0,-2.3009,-1,0.046511,0.014245,0.076478,-0.057721,0.8532,0,0.0001,0,0,0.0,0.0,NO_SIGNAL
INNOVACAP,2024-06-05,461.73,494.54,448.32,487.16,120737,0.3397,-0.00348,1,3.4578,1,0.055075,0.015149,0.027527,-0.07344,0.9059,1,-0.0669,1,1,0.9933,0.0,HIGH_QUALITY_BUY
INNOVACAP,2024-06-06,491.05,503.51,480.83,499.52,83362,0.2362,0.018584,1,1.2456,1,0.017249,0.007988,0.02046,-0.01651,0.6654,0,0.0379,1,0,0.0,0.0,NO_SIGNAL
INNOVACAP,2024-06-07,494.54,503.96,487.56,495.88,39409,0.1126,0.011338,1,-0.3236,1,0.00271,0.016294,0.014076,-0.064637,0.3301,0,0.0296,1,0,0.0,0.0,NO_SIGNAL
INNOVACAP,2024-06-10,503.31,503.31,489.6,491.15,25972,0.0749,-0.019644,1,-0.43,-1,0.02416,0.0,0.003156,-0.04387,0.3551,0,0.0337,0,0,0.0,0.0,NO_SIGNAL
INNOVACAP,2024-06-11,496.03,496.03,485.66,489.2,23617,0.0687,-0.008573,0,-0.1592,-1,0.013769,0.0,0.007236,0.010858,0.4029,0,0.1709,0,0,0.0,0.0,NO_SIGNAL
INNOVACAP,2024-06-12,489.1,494.54,482.57,490.55,30052,0.0881,-0.020622,0,0.1679,1,0.002965,0.008134,0.013312,-0.042301,0.7423,0,0.1594,0,0,0.0,0.0,NO_SIGNAL
INNOVACAP,2024-06-13,492.04,496.93,488.55,489.4,24913,0.0736,0.006723,0,-0.0815,-1,0.005365,0.009992,0.001737,-0.045417,0.8653,0,0.1623,0,0,0.0,0.0,NO_SIGNAL
INNOVACAP,2024-06-14,493.54,496.53,485.66,490.9,23580,0.0703,-0.015717,0,0.1836,-1,0.005349,0.006091,0.010674,-0.016893,0.9201,0,0.1726,0,0,0.0,0.0,NO_SIGNAL
INNOVACAP,2024-06-18,491.54,498.37,477.59,481.72,194951,0.5833,-0.001446,0,-0.884,-1,0.019978,0.014178,0.008573,0.019418,3.2808,0,0.0897,0,0,0.0,0.0,NO_SIGNAL
INNOVACAP,2024-06-19,484.56,496.63,484.56,494.88,749456,2.2181,0.014869,0,1.3725,1,0.021298,0.003536,0.0,0.025814,3.6632,1,-0.015,0,0,0.0733,0.0733,LOW_QUALITY_FLAG
INNOVACAP,2024-06-20,503.51,507.5,492.39,500.72,67690,0.2017,-0.012792,0,0.605,-1,0.005541,0.007969,0.016636,-0.00219,0.3191,0,0.1488,0,0,0.0,0.0,NO_SIGNAL
INNOVACAP,2024-06-21,499.52,500.82,492.59,498.67,43351,0.1302,-0.030574,0,-0.1788,-1,0.001702,0.002607,0.012192,0.011079,0.2009,0,0.1579,0,0,0.0,0.0,NO_SIGNAL
INNOVACAP,2024-06-24,502.51,502.51,493.09,499.47,111693,0.3373,-0.002707,0,0.1032,-1,0.00605,0.0,0.012774,-0.013717,0.4785,0,0.1705,0,0,0.0,0.0,NO_SIGNAL
INNOVACAP,2024-06-25,499.62,514.43,499.47,510.54,71262,0.2167,0.019872,0,1.1159,1,0.021857,0.007619,0.000294,0.028183,0.3415,0,0.1389,0,0,0.0,0.0,NO_SIGNAL
INNOVACAP,2024-06-26,510.54,522.45,494.68,502.36,100991,0.3088,0.001845,0,-0.7777,-1,0.016022,0.023708,0.015288,-0.017783,1.2784,0,0.153,0,0,0.0,0.0,NO_SIGNAL
INNOVACAP,2024-06-27,502.56,512.48,488.6,505.5,39395,0.1214,0.000471,0,0.3302,1,0.00585,0.013808,0.027616,-0.02536,0.5372,0,0.1284,0,0,0.0,0.0,NO_SIGNAL
INNOVACAP,2024-06-28,505.65,512.48,493.54,507.05,69918,0.2168,0.010547,0,0.1703,1,0.002769,0.010709,0.023883,-0.067307,0.889,0,0.1458,0,0,0.0,0.0,NO_SIGNAL
INNOVACAP,2024-07-01,507.25,518.31,485.36,497.13,126555,0.3944,-0.014702,0,-0.9583,-1,0.019951,0.022248,0.023676,-0.042145,1.5505,0,0.1349,0,0,0.0,0.0,NO_SIGNAL
INNOVACAP,2024-07-02,497.13,507.5,492.04,503.46,50321,0.1579,0.021414,0,0.6599,1,0.012733,0.008024,0.01011,-0.06914,0.6498,0,0.1697,0,0,0.0,0.0,NO_SIGNAL
INNOVACAP,2024-07-03,510.99,512.78,496.18,500.17,84781,0.2676,-0.020961,0,-0.3087,-1,0.021175,0.003579,0.007977,-0.103876,1.1427,0,0.17,0,0,0.0,0.0,NO_SIGNAL
INNOVACAP,2024-07-04,507.65,512.28,503.51,506.85,50971,0.162,-0.017882,0,0.6922,-1,0.001576,0.009135,0.00659,-0.037747,0.6662,0,0.1499,0,0,0.0,0.0,NO_SIGNAL
INNOVACAP,2024-07-05,506.85,508.49,501.96,505.95,23471,0.0751,-0.019253,0,-0.0737,-1,0.001776,0.003241,0.007886,-0.015042,0.3492,0,0.1653,0,0,0.0,0.0,NO_SIGNAL
INNOVACAP,2024-07-08,510.99,515.47,497.83,511.29,48683,0.1569,-0.008603,0,0.5503,1,0.000587,0.008175,0.025739,-0.002593,0.9426,0,0.1386,0,0,0.0,0.0,NO_SIGNAL
INNOVACAP,2024-07-09,519.76,519.76,493.54,504.06,533925,1.711,-0.041745,0,-0.7045,-1,0.030206,0.0,0.020871,-0.025093,3.5987,0,0.0133,0,0,0.0,0.0,NO_SIGNAL
INNOVACAP,2024-07-10,509.39,510.24,496.58,502.56,78537,0.2532,-0.01803,0,-0.1336,-1,0.013408,0.001691,0.011899,-0.022532,0.5338,0,0.1837,0,0,0.0,0.0,NO_SIGNAL
INNOVACAP,2024-07-11,502.56,504.21,494.14,501.42,60886,0.1975,-0.018838,0,-0.097,-1,0.002268,0.003291,0.014519,-0.032872,0.4084,0,0.1687,0,0,0.0,0.0,NO_SIGNAL
INNOVACAP,2024-07-12,498.52,514.53,498.52,510.19,60163,0.1963,-0.013482,0,0.9138,1,0.023409,0.008507,0.0,-0.0341,0.3846,0,0.149,0,0,0.0,0.0,NO_SIGNAL
INNOVACAP,2024-07-15,510.19,517.47,501.46,509.44,54332,0.1784,0.006632,0,-0.0627,-1,0.00147,0.01429,0.015664,-0.041386,0.3448,0,0.1601,0,0,0.0,0.0,NO_SIGNAL
INNOVACAP,2024-07-16,503.51,547.78,499.52,512.98,298210,0.9794,-0.000972,0,0.371,1,0.018808,0.067839,0.007778,-0.047196,2.7006,0,0.0287,0,0,0.0,0.0,NO_SIGNAL
INNOVACAP,2024-07-18,518.41,581.28,516.17,555.8,561753,1.8335,0.088146,0,4.046,1,0.072124,0.045844,0.00403,-0.017163,2.7129,1,-0.0536,1,1,0.9967,0.0,HIGH_QUALITY_BUY
INNOVACAP,2024-07-19,554.36,580.03,546.43,556.45,240564,0.7864,0.087489,0,0.036,1,0.00377,0.042376,0.014251,-0.001551,0.99,0,0.0992,0,0,0.0,0.0,NO_SIGNAL
INNOVACAP,2024-07-22,563.13,596.53,547.58,560.29,429190,1.3989,0.097942,0,0.315,-1,0.005043,0.059612,0.022685,-0.02537,1.3547,0,0.0079,0,0,0.0,0.0,NO_SIGNAL
INNOVACAP,2024-07-23,560.89,590.25,539.45,577.59,197248,0.6446,0.119361,0,1.474,1,0.029774,0.021919,0.03712,-0.022631,0.5711,0,0.0564,0,0,0.0,0.0,NO_SIGNAL
INNOVACAP,2024-07-24,584.27,624.25,584.27,617.57,359844,1.1744,0.210031,0,3.2055,1,0.056994,0.010817,0.0,-0.005754,1.0059,0,0.0104,0,0,0.0,0.0,NO_SIGNAL
INNOVACAP,2024-07-25,617.12,633.12,607.0,624.85,179495,0.5876,0.220647,0,0.4966,1,0.012526,0.013235,0.016196,-0.119594,0.6382,0,0.1098,0,0,0.0,0.0,NO_SIGNAL
INNOVACAP,2024-07-26,632.58,634.12,600.32,607.95,113516,0.3733,0.177953,0,-1.3253,-1,0.038936,0.002533,0.01255,-0.11012,0.4437,0,0.0943,0,0,0.0,0.0,NO_SIGNAL
INNOVACAP,2024-07-29,608.6,637.11,599.62,631.03,114595,0.3785,0.206035,0,1.7136,1,0.036855,0.009635,0.014231,-0.118256,0.5939,0,0.0859,0,0,0.0,0.0,NO_SIGNAL
INNOVACAP,2024-07-30,641.5,647.88,619.17,630.38,76311,0.2534,0.209072,0,-0.1105,-1,0.017334,0.010121,0.017783,-0.176642,0.4522,0,0.0995,0,0,0.0,0.0,NO_SIGNAL
INNOVACAP,2024-07-31,638.66,638.66,620.71,631.03,75185,0.251,0.200448,0,-0.0137,-1,0.011947,0.0,0.016354,-0.231591,0.6724,0,0.0984,0,0,0.0,0.0,NO_SIGNAL
INNOVACAP,2024-08-01,633.37,637.06,611.24,625.3,96714,0.3243,0.113132,0,-0.4881,-1,0.012741,0.005901,0.022485,-0.249455,1.0152,0,0.1139,0,0,0.0,0.0,NO_SIGNAL
INNOVACAP,2024-08-02,615.33,629.09,609.25,618.97,122785,0.4135,0.102678,0,-0.5349,1,0.005916,0.01635,0.009823,-0.203083,1.2643,0,0.095,0,0,0.0,0.0,NO_SIGNAL
INNOVACAP,2024-08-05,609.2,612.79,584.52,595.49,165726,0.5597,0.083746,0,-1.8244,-1,0.022505,0.006029,0.018422,-0.233295,1.5439,0,0.0998,0,0,0.0,0.0,NO_SIGNAL
INNOVACAP,2024-08-06,596.03,620.31,591.3,608.3,82946,0.2815,0.07577,0,0.9619,1,0.020586,0.019744,0.007776,-0.224762,0.7633,0,0.1239,0,0,0.0,0.0,NO_SIGNAL
INNOVACAP,2024-08-07,612.19,633.22,606.65,626.99,75564,0.2578,0.021888,0,1.3809,1,0.024176,0.009936,0.008836,-0.250282,0.6949,0,0.1237,0,0,0.0,0.0,NO_SIGNAL
INNOVACAP,2024-08-08,623.75,634.52,600.22,606.85,74806,0.2565,-0.014896,0,-1.5448,-1,0.027094,0.017747,0.010925,-0.237023,0.7168,0,0.1194,0,0,0.0,0.0,NO_SIGNAL
INNOVACAP,2024-08-09,618.17,632.13,593.54,596.78,72877,0.2511,0.002736,0,-0.8164,-1,0.034602,0.023392,0.005429,-0.22603,0.7721,0,0.1188,0,0,0.0,0.0,NO_SIGNAL
INNOVACAP,2024-08-12,608.1,608.1,590.85,603.36,194780,0.6726,-0.023311,0,0.4706,-1,0.007795,0.0,0.020734,-0.169402,1.944,0,0.089,0,0,0.0,0.0,NO_SIGNAL
INNOVACAP,2024-08-13,608.1,694.89,598.28,650.27,669177,2.291,0.064864,0,3.4359,1,0.069347,0.068618,0.015101,-0.207445,3.0775,1,-0.0905,0,0,0.29,0.0767,LOW_QUALITY_FLAG
INNOVACAP,2024-08-14,672.91,677.84,636.27,647.78,160806,0.5522,0.063583,0,-0.2381,-1,0.037345,0.007611,0.017768,-0.22962,0.6858,0,0.1222,0,0,0.0,0.0,NO_SIGNAL
INNOVACAP,2024-08-16,646.63,670.91,635.77,664.78,182808,0.6292,0.084841,0,1.1126,1,0.028069,0.009221,0.016336,-0.100618,0.7138,0,0.133,0,0,0.0,0.0,NO_SIGNAL
INNOVACAP,2024-08-19,669.47,722.86,669.47,685.32,283029,0.9744,0.112854,0,1.3109,1,0.023675,0.054777,0.0,-0.08323,0.9494,0,0.0541,0,0,0.0,0.0,NO_SIGNAL
INNOVACAP,2024-08-20,687.61,718.27,685.32,697.28,195133,0.6732,0.136318,0,0.7019,1,0.014063,0.030103,0.003284,-0.088837,0.6544,0,0.1045,0,0,0.0,0.0,NO_SIGNAL
INNOVACAP,2024-08-21,696.94,699.53,673.01,676.05,123416,0.4273,0.078849,0,-1.4446,-1,0.029974,0.003831,0.004497,-0.130822,0.6529,0,0.1351,0,0,0.0,0.0,NO_SIGNAL
INNOVACAP,2024-08-22,676.05,687.91,669.42,674.2,68171,0.2372,0.056431,0,-0.1982,-1,0.002736,0.017591,0.00709,-0.050913,0.3998,0,0.1559,0,0,0.0,0.0,NO_SIGNAL
INNOVACAP,2024-08-23,674.65,693.99,666.13,690.11,102803,0.3591,0.104252,0,0.9832,1,0.022916,0.005622,0.012346,-0.066338,0.6653,0,0.1436,0,0,0.0,0.0,NO_SIGNAL
INNOVACAP,2024-08-26,696.84,696.89,679.14,693.2,78457,0.2753,0.12816,0,0.1205,-1,0.005224,7.2e-05,0.020283,-0.128727,0.6907,0,0.1279,0,0,0.0,0.0,NO_SIGNAL
INNOVACAP,2024-08-27,697.78,712.79,668.07,679.04,165536,0.5824,0.09558,0,-0.9999,-1,0.026857,0.022105,0.016155,-0.102241,1.5373,0,0.109,0,0,0.0,0.0,NO_SIGNAL
INNOVACAP,2024-08-28,680.98,685.87,656.01,664.13,62364,0.2205,-0.014051,0,-1.062,-1,0.024744,0.007363,0.012227,-0.071171,0.6533,0,0.1749,0,0,0.0,0.0,NO_SIGNAL
INNOVACAP,2024-08-29,671.91,671.91,646.09,649.13,166083,0.5887,-0.036587,0,-1.0831,-1,0.033903,0.0,0.004683,-0.065868,1.4436,0,0.1404,0,0,0.0,0.0,NO_SIGNAL
INNOVACAP,2024-08-30,650.07,666.03,650.07,655.96,59675,0.2125,-0.039186,0,0.4117,1,0.009061,0.015352,0.0,-0.098517,0.5607,0,0.148,0,0,0.0,0.0,NO_SIGNAL
INNOVACAP,2024-09-02,677.99,707.65,664.03,694.44,207718,0.741,-0.011833,0,2.5334,1,0.024263,0.019023,0.020103,-0.12014,1.5703,0,0.068,0,0,0.0,0.0,NO_SIGNAL
INNOVACAP,2024-09-03,694.44,703.67,684.02,695.74,45799,0.1642,-0.022322,0,0.0039,1,0.001872,0.011398,0.014977,-0.143755,0.4228,0,0.1343,0,0,0.0,0.0,NO_SIGNAL
INNOVACAP,2024-09-04,695.74,702.42,682.63,699.18,53484,0.1927,0.019168,0,0.1407,1,0.004944,0.004634,0.018751,-0.096624,0.502,0,0.1438,0,0,0.0,0.0,NO_SIGNAL
INNOVACAP,2024-09-05,709.6,770.12,703.42,734.47,445452,1.5991,0.076171,0,2.1439,1,0.035048,0.048538,0.008414,-0.039954,2.7425,0,0.0087,0,0,0.0,0.0,NO_SIGNAL
INNOVACAP,2024-09-06,734.72,762.64,717.82,749.58,176797,0.6361,0.085266,0,0.8148,1,0.020225,0.017423,0.022546,-0.092476,0.9513,0,0.1263,0,0,0.0,0.0,NO_SIGNAL
INNOVACAP,2024-09-09,731.33,762.64,724.21,757.36,63769,0.2305,0.095328,0,0.3614,1,0.035593,0.006972,0.009401,-0.178472,0.406,0,0.1127,0,0,0.0,0.0,NO_SIGNAL
INNOVACAP,2024-09-10,762.64,762.64,737.81,755.46,83035,0.3013,0.109333,0,-0.2112,-1,0.009415,0.0,0.023363,-0.166252,0.5047,0,0.1237,0,0,0.0,0.0,NO_SIGNAL
INNOVACAP,2024-09-11,749.53,780.09,732.83,742.3,129583,0.4717,0.120151,0,-0.8717,-1,0.009646,0.041169,0.012758,-0.079854,0.721,0,0.0847,0,0,0.0,0.0,NO_SIGNAL
INNOVACAP,2024-09-12,749.08,772.66,738.16,756.91,99634,0.364,0.147515,0,0.7806,1,0.010453,0.020808,0.014427,-0.137915,0.9011,0,0.1183,0,0,0.0,0.0,NO_SIGNAL
INNOVACAP,2024-09-13,762.64,791.01,753.52,782.58,70749,0.2596,0.175521,0,1.4043,1,0.026146,0.010772,0.011654,-0.133177,0.7918,0,0.1093,0,0,0.0,0.0,NO_SIGNAL
INNOVACAP,2024-09-16,783.58,792.05,762.14,773.16,75462,0.278,0.105443,0,-0.6405,-1,0.013298,0.010955,0.014253,-0.107312,0.823,0,0.1406,0,0,0.0,0.0,NO_SIGNAL
INNOVACAP,2024-09-17,772.61,839.06,758.75,800.73,269309,0.9923,0.137904,0,1.4747,1,0.036396,0.047869,0.017309,-0.088438,2.0885,0,0.0323,0,0,0.0,0.0,NO_SIGNAL
INNOVACAP,2024-09-18,807.46,812.09,792.6,803.37,81528,0.3016,0.13466,0,0.0352,-1,0.005065,0.005763,0.013406,-0.106058,0.6832,0,0.1374,0,0,0.0,0.0,NO_SIGNAL
INNOVACAP,2024-09-19,814.59,814.59,746.89,771.52,144052,0.5343,0.040908,0,-1.8564,-1,0.052873,0.0,0.031924,-0.125047,1.1235,0,0.0811,0,0,0.0,0.0,NO_SIGNAL
INNOVACAP,2024-09-20,771.71,805.56,756.31,792.55,86710,0.3228,0.021182,0,1.0998,1,0.027005,0.016415,0.019431,-0.1357,0.6598,0,0.1383,0,0,0.0,0.0,NO_SIGNAL
INNOVACAP,2024-09-23,800.48,802.62,763.74,766.78,97714,0.3651,-0.024064,0,-1.5314,-1,0.0421,0.002791,0.003965,-0.114397,0.7192,0,0.1302,0,0,0.0,0.0,NO_SIGNAL
INNOVACAP,2024-09-24,773.76,773.76,752.77,759.55,46311,0.1738,-0.026837,0,-0.5117,-1,0.018365,0.0,0.008926,-0.169993,0.5074,0,0.1589,0,0,0.0,0.0,NO_SIGNAL
INNOVACAP,2024-09-25,759.6,776.8,752.82,770.02,52773,0.199,-0.002989,0,0.5122,1,0.013718,0.008805,0.008805,-0.200954,0.6171,0,0.1471,0,0,0.0,0.0,NO_SIGNAL
INNOVACAP,2024-09-26,777.7,777.7,751.92,759.15,43353,0.1642,-0.026057,0,-0.7201,-1,0.023852,0.0,0.009524,-0.185522,0.6632,0,0.1545,0,0,0.0,0.0,NO_SIGNAL
INNOVACAP,2024-09-27,766.73,792.65,753.82,770.47,43086,0.1639,-0.044921,0,0.5648,1,0.004878,0.028788,0.016756,-0.202428,0.7606,0,0.1058,0,0,0.0,0.0,NO_SIGNAL
INNOVACAP,2024-09-30,770.47,776.7,751.08,770.82,52535,0.2007,-0.017294,0,-0.0771,1,0.000454,0.007628,0.025155,-0.104719,1.1034,0,0.1199,0,0,0.0,0.0,NO_SIGNAL
INNOVACAP,2024-10-01,770.82,782.68,756.31,772.71,47502,0.1823,-0.04859,0,0.0118,1,0.002452,0.012903,0.018778,-0.093304,0.9927,0,0.1433,0,0,0.0,0.0,NO_SIGNAL
INNOVACAP,2024-10-03,760.35,772.71,754.91,761.89,31847,0.1228,-0.046307,0,-0.7201,1,0.002025,0.014202,0.00714,-0.100249,0.7294,0,0.1266,0,0,0.0,0.0,NO_SIGNAL
INNOVACAP,2024-10-04,764.49,773.11,724.85,735.32,52130,0.2019,-0.030702,0,-1.637,-1,0.038156,0.011723,0.014239,-0.032548,1.1477,0,0.14,0,0,0.0,0.0,NO_SIGNAL
INNOVACAP,2024-10-07,740.81,767.73,693.4,736.92,78421,0.3048,-0.032274,0,0.0121,-1,0.005251,0.03653,0.059057,-0.026655,1.4941,0,0.0439,0,0,0.0,0.0,NO_SIGNAL
INNOVACAP,2024-10-08,737.67,747.74,721.91,733.48,36907,0.1441,-0.007453,0,-0.2925,-1,0.00568,0.013729,0.015774,-0.016911,0.7477,0,0.1745,0,0,0.0,0.0,NO_SIGNAL
INNOVACAP,2024-10-09,734.18,754.76,719.72,725.9,40475,0.1587,-0.007059,0,-0.5441,-1,0.011278,0.028351,0.008514,-0.021451,0.844,0,0.1507,0,0,0.0,0.0,NO_SIGNAL
INNOVACAP,2024-10-10,731.13,734.52,712.89,720.67,47118,0.1856,-0.02625,0,-0.4026,-1,0.014307,0.004704,0.010796,-0.024963,0.9237,0,0.1812,0,0,0.0,0.0,NO_SIGNAL
INNOVACAP,2024-10-11,725.85,725.85,706.01,712.49,39312,0.1555,-0.013967,0,-0.5868,-1,0.018406,0.0,0.009095,0.027638,0.8115,0,0.1782,0,0,0.0,0.0,NO_SIGNAL
INNOVACAP,2024-10-14,714.04,763.69,712.89,748.33,233488,0.924,0.013452,0,2.1552,1,0.048023,0.020526,0.001537,0.059249,2.9384,0,0.0338,0,0,0.0,0.0,NO_SIGNAL
INNOVACAP,2024-10-15,748.78,763.29,725.6,736.27,51718,0.2055,-0.014369,0,-0.8013,-1,0.016707,0.019707,0.014492,0.051517,0.6275,0,0.1637,0,0,0.0,0.0,NO_SIGNAL
INNOVACAP,2024-10-16,738.71,738.71,721.86,735.07,18684,0.0746,-0.015557,0,-0.1548,-1,0.004928,0.0,0.017971,0.094633,0.2393,0,0.1414,0,0,0.0,0.0,NO_SIGNAL
INNOVACAP,2024-10-17,735.67,737.81,723.11,731.93,32650,0.1309,-0.018154,0,-0.2722,-1,0.005084,0.002924,0.01205,0.10455,0.4343,0,0.1635,0,0,0.0,0.0,NO_SIGNAL
INNOVACAP,2024-10-18,727.84,747.69,707.9,743.8,48054,0.1935,0.0194,0,0.644,1,0.021928,0.00523,0.026808,0.079874,0.6247,0,0.1243,0,0,0.0,0.0,NO_SIGNAL
INNOVACAP,2024-10-21,743.8,744.74,716.88,724.5,25440,0.1029,-0.014538,0,-1.2409,-1,0.025948,0.001297,0.010518,0.054018,0.7205,0,0.1614,0,0,0.0,0.0,NO_SIGNAL
INNOVACAP,2024-10-22,729.74,729.89,678.54,685.82,74834,0.3038,-0.042022,0,-2.4278,-1,0.060186,0.000219,0.010615,0.037063,1.874,0,0.0592,0,0,0.0,0.0,NO_SIGNAL
INNOVACAP,2024-10-23,678.99,743.85,678.89,717.82,121625,0.4949,0.01522,0,1.9763,1,0.057188,0.036263,0.000139,0.031473,2.0096,0,0.0378,0,0,0.0,0.0,NO_SIGNAL
INNOVACAP,2024-10-24,717.87,737.81,702.87,724.21,38477,0.1572,0.033464,0,0.3164,1,0.008832,0.018779,0.020712,0.048945,0.6238,0,0.1465,0,0,0.0,0.0,NO_SIGNAL
INNOVACAP,2024-10-25,724.11,747.79,695.19,708.25,128700,0.5271,0.030368,0,-1.0407,-1,0.021903,0.033435,0.01844,0.019254,1.6539,0,0.1115,0,0,0.0,0.0,NO_SIGNAL
INNOVACAP,2024-10-28,712.89,752.57,698.38,738.61,41934,0.1725,0.02294,0,1.7978,1,0.036078,0.0189,0.019645,0.060827,0.517,0,0.1087,0,0,0.0,0.0,NO_SIGNAL
INNOVACAP,2024-10-29,757.21,763.19,723.86,731.43,61196,0.2526,0.021278,0,-0.503,-1,0.034046,0.008176,0.01035,0.117606,0.7807,0,0.1546,0,0,0.0,0.0,NO_SIGNAL
INNOVACAP,2024-10-30,731.43,774.71,731.43,759.65,47882,0.1984,0.063206,0,1.6015,1,0.038582,0.019825,0.0,0.075175,0.7524,0,0.1111,0,0,0.0,0.0,NO_SIGNAL
INNOVACAP,2024-10-31,777.5,785.67,756.01,775.3,35614,0.1482,0.084779,0,0.8127,-1,0.00283,0.010538,0.024881,0.052945,0.5647,0,0.1077,0,0,0.0,0.0,NO_SIGNAL
INNOVACAP,2024-11-01,780.69,789.66,777.7,785.52,21179,0.0885,0.081864,0,0.4868,1,0.006187,0.00527,0.003806,0.04083,0.5096,0,0.1447,0,0,0.0,0.0,NO_SIGNAL
INNOVACAP,2024-11-04,792.65,842.5,786.67,802.22,164876,0.6901,0.138851,0,0.8372,1,0.012073,0.050211,0.007454,-0.002491,2.4925,0,0.0497,0,0,0.0,0.0,NO_SIGNAL
INNOVACAP,2024-11-05,790.21,827.55,790.21,818.78,92638,0.3889,0.191331,0,0.807,1,0.036155,0.010711,0.0,0.003129,1.2789,0,0.1014,0,0,0.0,0.0,NO_SIGNAL
INNOVACAP,2024-11-06,827.45,846.29,827.45,840.21,83491,0.3516,0.158167,0,1.0444,1,0.015421,0.007236,0.0,-0.051425,1.0494,0,0.1239,0,0,0.0,0.0,NO_SIGNAL
INNOVACAP,2024-11-07,874.41,874.41,834.68,859.75,99976,0.4221,0.182672,0,0.9124,-1,0.016766,0.0,0.02916,-0.084062,1.0816,0,0.0753,0,0,0.0,0.0,NO_SIGNAL
INNOVACAP,2024-11-08,891.36,981.04,864.44,948.74,995710,4.1418,0.301372,0,4.2309,1,0.064374,0.034045,0.028374,-0.123798,3.4653,1,-0.1483,0,0,0.4333,0.0133,LOW_QUALITY_FLAG
INNOVACAP,2024-11-11,938.22,1016.19,910.4,935.58,395500,1.6402,0.25147,0,-0.7048,-1,0.002814,0.083339,0.026914,-0.083985,1.186,1,-0.0927,0,0,0.14,0.1967,LOW_QUALITY_FLAG
INNOVACAP,2024-11-12,937.22,974.76,921.37,951.23,97492,0.4054,0.293847,0,0.5822,1,0.014948,0.024736,0.016663,-0.130193,0.2915,0,0.0703,0,0,0.0,0.0,NO_SIGNAL
INNOVACAP,2024-11-13,957.96,995.8,936.28,958.26,262586,1.0915,0.271088,0,0.1878,1,0.000313,0.039175,0.022624,-0.16313,0.7092,0,0.0034,0,0,0.0,0.0,NO_SIGNAL
INNOVACAP,2024-11-14,957.17,1007.02,953.53,985.58,175196,0.7292,0.274547,0,1.0754,1,0.029681,0.021754,0.003693,-0.200193,0.4547,0,0.0435,0,0,0.0,0.0,NO_SIGNAL
INNOVACAP,2024-11-18,989.27,999.84,955.22,968.03,142950,0.5961,0.251001,0,-0.8786,-1,0.02147,0.010919,0.013233,-0.281133,0.6657,0,0.0641,0,0,0.0,0.0,NO_SIGNAL
INNOVACAP,2024-11-19,968.23,968.23,916.98,929.0,111704,0.4669,0.173949,0,-1.8125,-1,0.040517,0.0,0.012939,-0.289297,0.7071,0,0.0541,0,0,0.0,0.0,NO_SIGNAL
INNOVACAP,2024-11-21,932.24,972.12,902.33,965.89,101261,0.4244,0.209267,0,1.5416,1,0.036096,0.00645,0.030966,-0.392961,0.6379,0,0.0046,0,0,0.0,0.0,NO_SIGNAL
INNOVACAP,2024-11-22,975.06,1055.87,968.43,1012.35,254282,1.0654,0.218508,0,1.8739,1,0.038244,0.042989,0.006549,-0.353866,1.6188,1,-0.0195,0,0,0.1767,0.01,LOW_QUALITY_FLAG
INNOVACAP,2024-11-25,1030.75,1032.49,990.17,1001.78,250289,1.0484,0.160022,0,-0.5646,-1,0.028106,0.001737,0.011589,-0.366836,1.4543,0,0.0309,0,0,0.0,0.0,NO_SIGNAL
INNOVACAP,2024-11-26,1016.99,1056.87,999.39,1038.82,193679,0.812,0.092506,0,1.4053,1,0.021465,0.017375,0.016942,-0.393614,1.0628,0,0.0599,0,0,0.0,0.0,NO_SIGNAL
INNOVACAP,2024-11-27,1040.92,1041.42,1002.03,1016.34,88505,0.3721,0.081128,0,-1.0314,-1,0.023614,0.000492,0.01408,-0.282002,0.4983,0,0.1235,0,0,0.0,0.0,NO_SIGNAL
INNOVACAP,2024-11-28,1022.87,1026.86,980.65,1002.03,148323,0.6246,0.0545,0,-0.7141,-1,0.020374,0.003982,0.021337,-0.332544,0.7931,0,0.0976,0,0,0.0,0.0,NO_SIGNAL
INNOVACAP,2024-11-29,1002.08,1037.93,1002.08,1018.88,107670,0.4545,0.041271,0,0.5724,1,0.016765,0.018697,0.0,-0.334799,0.6828,0,0.0869,0,0,0.0,0.0,NO_SIGNAL
INNOVACAP,2024-12-02,1030.95,1172.53,1026.76,1122.08,601106,2.5205,0.106924,0,3.9459,1,0.088394,0.044961,0.003734,-0.327199,2.6381,1,-0.1065,0,0,0.4467,0.0,LOW_QUALITY_FLAG
INNOVACAP,2024-12-03,1116.69,1119.09,1077.56,1090.17,115164,0.484,0.08548,1,-1.2835,-1,0.023749,0.002201,0.011567,-0.338401,0.5428,1,-0.0258,0,0,0.0733,0.11,LOW_QUALITY_FLAG
INNOVACAP,2024-12-04,1092.76,1095.7,1014.99,1021.82,178017,0.749,0.06544,1,-2.6181,-1,0.064918,0.002877,0.006684,-0.268348,0.7738,1,-0.0568,0,0,0.0867,0.1333,LOW_QUALITY_FLAG
INNOVACAP,2024-12-05,1026.81,1128.96,1013.05,1113.85,232899,0.9799,0.098779,1,3.3645,1,0.084767,0.013566,0.012354,-0.248784,0.943,1,-0.0971,0,0,0.2867,0.0,LOW_QUALITY_FLAG
INNOVACAP,2024-12-06,1111.41,1111.41,1070.83,1079.45,86485,0.3649,0.044901,1,-1.3279,-1,0.028756,0.0,0.007986,-0.225291,0.3563,0,0.0047,-1,0,0.0,0.0,NO_SIGNAL
INNOVACAP,2024-12-09,1079.3,1087.48,1050.69,1068.34,86953,0.3679,0.060594,1,-0.5275,-1,0.010155,0.007657,0.016521,-0.29051,0.6215,0,0.0088,-1,0,0.0,0.0,NO_SIGNAL
INNOVACAP,2024-12-10,1065.84,1108.72,1054.93,1085.83,92103,0.3907,0.039224,1,0.5072,1,0.018755,0.021081,0.010048,-0.148478,0.6808,0,0.0256,0,0,0.0,0.0,NO_SIGNAL
INNOVACAP,2024-12-11,1096.55,1113.15,1058.42,1067.84,78821,0.3353,0.046329,0,-0.7722,-1,0.026182,0.015545,0.008822,-0.09633,0.6827,0,0.1572,0,0,0.0,0.0,NO_SIGNAL
INNOVACAP,2024-12-12,1074.82,1077.86,1021.97,1038.37,68839,0.2937,0.021728,0,-1.1956,-1,0.033913,0.002928,0.015794,-0.159373,0.833,0,0.1431,0,0,0.0,0.0,NO_SIGNAL
INNOVACAP,2024-12-13,1048.74,1084.79,1027.01,1048.2,84116,0.3599,0.014506,0,0.2463,-1,0.000515,0.034392,0.020216,-0.122808,1.0237,0,0.1039,0,0,0.0,0.0,NO_SIGNAL
INNOVACAP,2024-12-16,1040.72,1044.91,1012.0,1015.04,59312,0.2546,-0.108371,0,-1.3484,-1,0.024675,0.004128,0.002995,-0.079782,0.7739,0,0.1475,0,0,0.0,0.0,NO_SIGNAL
INNOVACAP,2024-12-17,1020.93,1035.68,997.15,1029.8,73636,0.317,-0.044463,0,0.448,1,0.008688,0.00571,0.023092,-0.115411,1.0095,0,0.1427,0,0,0.0,0.0,NO_SIGNAL
INNOVACAP,2024-12-18,1030.95,1045.85,1002.03,1006.57,45120,0.1949,0.001733,0,-0.9944,-1,0.023648,0.014803,0.00451,-0.140876,0.6815,0,0.1549,0,0,0.0,0.0,NO_SIGNAL
INNOVACAP,2024-12-19,1006.57,1026.96,984.73,1014.15,58857,0.255,-0.06074,0,0.1785,1,0.007531,0.012631,0.021535,-0.073289,0.9167,0,0.149,0,0,0.0,0.0,NO_SIGNAL
INNOVACAP,2024-12-20,1014.99,1023.67,965.59,975.66,72260,0.314,-0.053841,0,-1.587,-1,0.038749,0.008897,0.010321,-0.032962,1.1686,0,0.1416,0,0,0.0,0.0,NO_SIGNAL
INNOVACAP,2024-12-23,983.04,1001.04,972.37,983.79,51458,0.2243,-0.044635,0,0.2153,1,0.000763,0.017534,0.010846,-0.012829,0.8538,0,0.1528,0,0,0.0,0.0,NO_SIGNAL
INNOVACAP,2024-12-24,983.79,985.03,954.12,972.52,53837,0.2354,-0.07174,0,-0.5554,-1,0.011456,0.001275,0.01892,0.0082,0.9561,0,0.1694,0,0,0.0,0.0,NO_SIGNAL
INNOVACAP,2024-12-26,965.69,1108.02,962.25,1053.08,128281,0.5619,0.028004,0,3.0619,1,0.090495,0.052171,0.003267,0.010057,1.7588,1,-0.0242,0,0,0.2267,0.01,LOW_QUALITY_FLAG
INNOVACAP,2024-12-27,1076.81,1104.63,1027.06,1077.86,165772,0.727,0.072694,0,0.7824,1,0.000975,0.024836,0.046156,-0.012855,1.7575,0,0.0499,0,0,0.0,0.0,NO_SIGNAL
INNOVACAP,2024-12-30,1077.86,1151.59,1077.86,1095.56,210563,0.9237,0.095669,0,0.5079,1,0.016421,0.051143,0.0,0.047632,1.7262,0,0.0542,0,0,0.0,0.0,NO_SIGNAL
INNOVACAP,2024-12-31,1098.75,1126.61,1079.35,1112.11,64234,0.2826,0.138375,0,0.4561,1,0.012159,0.013038,0.017444,0.13932,0.5158,0,0.1161,0,0,0.0,0.0,NO_SIGNAL
INNOVACAP,2025-01-01,1112.11,1116.69,1093.71,1106.17,30551,0.1349,0.100875,0,-0.3312,-1,0.005341,0.00414,0.011264,0.12275,0.2548,0,0.1221,0,0,0.0,0.0,NO_SIGNAL
INNOVACAP,2025-01-02,1122.77,1161.56,1122.18,1135.49,127989,0.566,0.125529,0,0.8953,1,0.011329,0.022959,0.00052,-0.032987,1.0682,0,0.1255,0,0,0.0,0.0,NO_SIGNAL
INNOVACAP,2025-01-03,1156.57,1211.41,1146.6,1179.46,204927,0.9066,0.154111,0,1.3593,1,0.019791,0.027089,0.008453,0.035357,1.6053,0,0.0919,0,0,0.0,0.0,NO_SIGNAL
INNOVACAP,2025-01-06,1189.08,1255.28,1178.51,1199.0,299695,1.3242,0.209618,0,0.5037,1,0.008343,0.046939,0.008816,-0.016333,2.0601,0,0.0285,0,0,0.0,0.0,NO_SIGNAL
INNOVACAP,2025-01-07,1199.45,1246.46,1198.6,1236.34,132989,0.5886,0.235575,0,1.0621,1,0.030756,0.008185,0.000688,-0.045547,0.8352,0,0.097,0,0,0.0,0.0,NO_SIGNAL
INNOVACAP,2025-01-08,1240.33,1256.28,1160.06,1184.19,127687,0.774,0.204563,0,-1.7546,-1,0.045262,0.013469,0.020377,-0.020053,0.7147,0,0.0623,0,0,0.0,0.0,NO_SIGNAL
INNOVACAP,2025-01-09,1169.54,1177.56,1108.12,1117.04,114673,0.7566,0.07283,0,-2.2871,-1,0.044889,0.00718,0.007985,-0.062323,0.6516,0,0.0953,0,0,0.0,0.0,NO_SIGNAL
INNOVACAP,2025-01-10,1117.04,1141.37,1066.84,1078.36,108555,0.7649,0.021371,0,-1.4412,-1,0.034627,0.022562,0.010683,-0.124229,0.6927,0,0.1162,0,0,0.0,0.0,NO_SIGNAL
INNOVACAP,2025-01-13,1069.68,1092.27,1005.07,1012.7,106429,0.7676,-0.048268,0,-2.4223,-1,0.053268,0.022307,0.007534,-0.121512,0.9014,0,0.0757,0,0,0.0,0.0,NO_SIGNAL
INNOVACAP,2025-01-14,1096.7,1096.7,1016.99,1035.43,72915,0.5331,-0.044836,0,0.7421,-1,0.055868,0.0,0.017809,-0.182592,0.6875,0,0.0836,0,0,0.0,0.0,NO_SIGNAL
INNOVACAP,2025-01-15,1041.91,1064.85,973.32,1013.3,231915,1.7325,-0.058322,0,-0.9217,-1,0.027459,0.022639,0.039455,-0.128287,1.8276,0,0.0214,0,0,0.0,0.0,NO_SIGNAL
INNOVACAP,2025-01-16,1021.97,1054.93,992.06,1038.57,89774,0.6842,-0.045364,0,0.8319,1,0.016243,0.015752,0.028799,-0.102039,0.7363,0,0.0998,0,0,0.0,0.0,NO_SIGNAL
INNOVACAP,2025-01-17,1035.93,1037.43,1008.81,1031.4,40633,0.3141,-0.093935,0,-0.3775,-1,0.004373,0.001454,0.021902,-0.060557,0.3751,0,0.143,0,0,0.0,0.0,NO_SIGNAL
INNOVACAP,2025-01-20,1046.9,1058.27,1007.02,1017.04,48117,0.3752,-0.146718,0,-0.6439,-1,0.028522,0.01118,0.009852,-0.038127,0.4977,0,0.1459,0,0,0.0,0.0,NO_SIGNAL
INNOVACAP,2025-01-21,1013.65,1041.76,1000.29,1033.04,46308,0.3639,-0.144528,0,0.4806,1,0.019129,0.008441,0.012933,-0.05237,0.5069,0,0.1324,0,0,0.0,0.0,NO_SIGNAL
INNOVACAP,2025-01-22,1031.94,1031.94,949.84,1000.04,110121,0.8744,-0.140768,0,-1.3223,-1,0.030913,0.0,0.050198,-0.041384,1.6438,0,0.0462,0,0,0.0,0.0,NO_SIGNAL
INNOVACAP,2025-01-23,982.89,1095.75,982.89,1065.69,110563,0.8748,-0.027433,0,2.3391,1,0.084241,0.028207,0.0,0.014138,1.554,0,0.025,0,0,0.0,0.0,NO_SIGNAL
INNOVACAP,2025-01-24,1057.37,1057.87,984.04,1000.04,96705,0.7673,-0.053571,0,-2.3994,-1,0.054219,0.0005,0.015999,0.041793,1.1741,0,0.094,0,0,0.0,0.0,NO_SIGNAL
INNOVACAP,2025-01-27,978.35,996.0,915.29,934.78,124751,0.9946,-0.061295,1,-2.4929,-1,0.044534,0.018881,0.02085,0.065874,1.277,1,-0.0303,0,0,0.0767,0.17,LOW_QUALITY_FLAG
INNOVACAP,2025-01-28,934.78,949.64,878.45,893.06,146174,1.169,-0.130079,0,-1.7194,-1,0.044631,0.016639,0.016359,0.061465,1.2423,0,0.0782,0,0,0.0,0.0,NO_SIGNAL
INNOVACAP,2025-01-29,878.4,967.53,878.4,949.74,85861,0.7128,-0.052603,1,2.2037,1,0.081216,0.018731,0.0,0.091118,0.7611,1,-0.0567,0,0,0.07,0.03,LOW_QUALITY_FLAG
INNOVACAP,2025-01-30,949.74,981.24,945.85,966.09,32531,0.2721,-0.059808,1,0.5222,1,0.017215,0.015682,0.004027,0.055726,0.3347,0,0.0296,0,0,0.0,0.0,NO_SIGNAL
INNOVACAP,2025-01-31,970.87,1012.1,966.09,1001.88,34631,0.2906,-0.031653,0,1.2366,1,0.03194,0.010201,0.004771,0.1524,0.4084,0,0.1127,0,0,0.0,0.0,NO_SIGNAL
INNOVACAP,2025-02-01,1001.88,1003.48,927.35,963.35,85862,0.7254,-0.048971,0,-1.494,-1,0.038458,0.001661,0.03737,0.227102,1.1149,0,0.0709,0,0,0.0,0.0,NO_SIGNAL
INNOVACAP,2025-02-03,987.08,1001.98,963.4,986.63,41856,0.359,-0.049092,0,0.7641,-1,0.000456,0.015102,0.023545,0.30675,0.7455,0,0.0601,0,0,0.0,0.0,NO_SIGNAL
INNOVACAP,2025-02-04,997.05,1008.31,982.24,1005.02,31183,0.2705,-0.00902,0,0.5627,1,0.007994,0.003274,0.014736,0.209507,0.6897,0,0.1229,0,0,0.0,0.0,NO_SIGNAL
INNOVACAP,2025-02-05,1008.91,1020.98,984.09,1004.23,36499,0.3174,-0.071485,0,-0.1377,-1,0.004639,0.012019,0.020055,0.140469,0.7933,0,0.1442,0,0,0.0,0.0,NO_SIGNAL
INNOVACAP,2025-02-06,975.11,980.99,921.27,947.74,177604,1.54,-0.067087,0,-2.1124,-1,0.028069,0.006204,0.02793,0.06709,2.3807,0,0.0365,0,0,0.0,0.0,NO_SIGNAL
INNOVACAP,2025-02-07,936.23,936.23,897.59,922.42,101051,0.8807,-0.038098,0,-1.047,-1,0.014751,0.0,0.026918,0.046661,1.3016,0,0.1313,0,0,0.0,0.0,NO_SIGNAL
INNOVACAP,2025-02-10,923.27,937.22,892.36,897.94,35777,0.3133,-0.006825,0,-1.0339,-1,0.027435,0.015536,0.006214,0.042894,0.4681,0,0.1651,0,0,0.0,0.0,NO_SIGNAL
INNOVACAP,2025-02-11,897.94,903.23,847.49,848.94,79162,0.6946,-0.102644,0,-2.0087,-1,0.054569,0.006231,0.001708,0.006902,0.9203,0,0.0912,0,0,0.0,0.0,NO_SIGNAL
INNOVACAP,2025-02-12,837.52,846.39,817.58,839.51,64852,0.5712,-0.126086,0,-0.4676,1,0.002376,0.008195,0.023752,0.027641,0.7073,0,0.1016,0,0,0.0,0.0,NO_SIGNAL
INNOVACAP,2025-02-13,852.13,860.1,832.53,835.53,97217,0.8559,-0.156136,0,-0.2461,-1,0.019481,0.009539,0.003591,0.071509,1.2857,0,0.1243,0,0,0.0,0.0,NO_SIGNAL
INNOVACAP,2025-02-14,840.51,844.4,775.25,822.81,78028,0.6877,-0.129584,0,-0.6166,-1,0.021059,0.004728,0.057802,0.082988,1.0989,0,0.061,0,0,0.0,0.0,NO_SIGNAL
INNOVACAP,2025-02-17,811.3,830.19,786.77,797.04,56562,0.5024,-0.191546,0,-1.1777,-1,0.017577,0.0237,0.012885,0.116084,0.7525,0,0.1024,0,0,0.0,0.0,NO_SIGNAL
INNOVACAP,2025-02-18,793.95,807.61,759.8,769.67,94202,0.8399,-0.227718,0,-1.2746,-1,0.030581,0.017748,0.012824,0.136986,1.2051,0,0.0764,0,0,0.0,0.0,NO_SIGNAL
INNOVACAP,2025-02-19,772.71,840.46,772.71,811.2,66538,0.5951,-0.174243,0,1.8243,1,0.049812,0.03607,0.0,0.205081,0.8475,1,-0.0003,0,0,0.1133,0.0333,LOW_QUALITY_FLAG
INNOVACAP,2025-02-20,812.69,817.53,787.67,809.05,63441,0.568,-0.123703,0,-0.1658,-1,0.004479,0.005982,0.026426,0.15929,0.8841,0,0.1143,0,0,0.0,0.0,NO_SIGNAL
INNOVACAP,2025-02-21,827.55,831.99,773.21,781.83,79679,0.7131,-0.127353,0,-1.2475,-1,0.055247,0.005679,0.011025,0.113816,1.1054,0,0.0934,0,0,0.0,0.0,NO_SIGNAL
INNOVACAP,2025-02-24,770.37,780.49,755.26,767.73,77369,0.6919,-0.115779,0,-0.6995,-1,0.003427,0.013182,0.016243,0.103564,1.0147,0,0.1285,0,0,0.0,0.0,NO_SIGNAL
INNOVACAP,2025-02-25,767.73,786.47,764.29,774.41,28201,0.2528,-0.065502,0,0.2367,1,0.008701,0.015573,0.004442,0.190767,0.4473,0,0.124,0,0,0.0,0.0,NO_SIGNAL
INNOVACAP,2025-02-27,774.41,775.7,740.46,758.5,40913,0.3673,-0.075979,0,-0.7854,-1,0.020545,0.001701,0.023784,0.149911,0.7064,0,0.1376,0,0,0.0,0.0,NO_SIGNAL
INNOVACAP,2025-02-28,769.87,769.87,697.98,723.76,62453,0.5605,-0.098995,0,-1.6534,-1,0.059893,0.0,0.03562,0.172178,1.0819,0,0.0492,0,0,0.0,0.0,NO_SIGNAL
INNOVACAP,2025-03-03,722.86,735.72,660.05,689.06,130186,1.1671,-0.135906,0,-1.71,-1,0.046759,0.018663,0.042101,0.166068,1.9195,0,0.004,0,0,0.0,0.0,NO_SIGNAL
INNOVACAP,2025-03-04,736.62,736.62,673.31,684.97,114938,1.0284,-0.107546,0,-0.2544,-1,0.070118,0.0,0.017023,0.19795,1.5256,0,0.0322,0,0,0.0,0.0,NO_SIGNAL
INNOVACAP,2025-03-05,669.82,734.82,661.39,717.38,533414,4.6948,-0.03804,0,1.5751,1,0.071004,0.024311,0.011751,0.21256,3.0242,1,-0.0845,0,0,0.11,0.11,LOW_QUALITY_FLAG
INNOVACAP,2025-03-06,721.86,762.89,721.86,733.08,109664,0.9699,-0.079938,0,0.6981,1,0.015543,0.040664,0.0,0.236494,0.5768,0,0.0367,0,0,0.0,0.0,NO_SIGNAL
INNOVACAP,2025-03-07,744.1,817.58,732.83,763.79,427389,3.7338,-0.036603,0,1.3751,1,0.026461,0.070425,0.014755,0.249402,1.6243,1,-0.084,0,0,0.0633,0.0867,LOW_QUALITY_FLAG
INNOVACAP,2025-03-10,762.34,802.42,748.78,780.99,154629,1.3458,0.018531,0,0.7064,1,0.024464,0.02744,0.017363,0.286739,0.577,0,0.0489,0,0,0.0,0.0,NO_SIGNAL
INNOVACAP,2025-03-11,769.27,795.64,751.32,786.82,64696,0.5631,0.031717,0,0.1868,1,0.022814,0.01121,0.022813,0.272443,0.2508,0,0.0726,0,0,0.0,0.0,NO_SIGNAL
INNOVACAP,2025-03-12,787.67,787.67,764.98,773.36,58719,0.5104,0.00687,0,-0.6548,-1,0.018168,0.0,0.010836,0.167063,0.3602,0,0.1441,0,0,0.0,0.0,NO_SIGNAL
INNOVACAP,2025-03-13,770.42,796.64,763.24,777.25,106033,0.9196,0.035596,0,0.1042,1,0.008865,0.024947,0.009238,0.134415,0.6533,0,0.117,0,0,0.0,0.0,NO_SIGNAL
INNOVACAP,2025-03-17,781.68,817.98,769.92,784.93,71270,0.6216,0.067652,0,0.2698,1,0.004158,0.042106,0.014982,0.088238,0.7826,0,0.1037,0,0,0.0,0.0,NO_SIGNAL
INNOVACAP,2025-03-18,784.93,784.93,784.93,784.93,0,0.0,0.100889,0,-0.0709,-1,0.0,0.0,0.0,0.051082,0.0,0,0.0811,0,0,0.0,0.0,NO_SIGNAL
INNOVACAP,2025-03-19,855.77,892.06,842.8,875.41,113751,0.9937,0.217229,0,3.7609,1,0.02295,0.01902,0.014816,0.014266,1.6261,0,0.0152,0,0,0.0,0.0,NO_SIGNAL
INNOVACAP,2025-03-20,888.52,897.29,855.52,891.86,85413,0.7464,0.18788,0,0.5352,1,0.003759,0.006088,0.037001,-0.005529,1.1344,0,0.0667,0,0,0.0,0.0,NO_SIGNAL
INNOVACAP,2025-03-21,900.73,925.61,889.57,915.74,96435,0.8431,0.195167,0,0.8005,1,0.016664,0.010778,0.012187,0.049309,1.3143,0,0.1012,0,0,0.0,0.0,NO_SIGNAL
INNOVACAP,2025-03-24,926.26,944.85,920.52,935.28,76138,0.6649,0.161771,0,0.6135,1,0.009738,0.010232,0.006137,0.035523,1.0241,0,0.121,0,0,0.0,0.0,NO_SIGNAL
INNOVACAP,2025-03-25,957.12,961.15,885.33,894.65,95003,0.8292,0.091287,0,-1.5531,-1,0.065269,0.004505,0.010417,-0.004519,1.0177,0,0.081,0,0,0.0,0.0,NO_SIGNAL
INNOVACAP,2025-03-26,894.65,919.28,873.36,883.43,95695,0.8348,0.080636,0,-0.5163,-1,0.012541,0.02788,0.011399,-0.141543,1.0664,0,0.1077,0,0,0.0,0.0,NO_SIGNAL
INNOVACAP,2025-03-27,883.43,905.92,868.93,879.99,59343,0.5171,0.088156,0,-0.2274,-1,0.003894,0.025557,0.012568,-0.149645,0.7021,0,0.1186,0,0,0.0,0.0,NO_SIGNAL
INNOVACAP,2025-03-28,879.99,897.74,871.42,876.25,61677,0.5376,0.078691,0,-0.2402,-1,0.00425,0.020257,0.005512,-0.198364,0.7951,0,0.1189,0,0,0.0,0.0,NO_SIGNAL
INNOVACAP,2025-04-01,885.33,896.35,864.44,890.11,24458,0.2136,0.104645,0,0.4351,1,0.005399,0.00701,0.023469,-0.278137,0.3638,0,0.08,0,0,0.0,0.0,NO_SIGNAL
INNOVACAP,2025-04-02,894.35,912.3,886.62,896.74,29983,0.2628,0.119363,0,0.1491,1,0.002672,0.017352,0.00862,-0.29906,0.5529,0,0.0859,0,0,0.0,0.0,NO_SIGNAL
INNOVACAP,2025-04-03,892.46,922.22,887.37,897.34,41890,0.3698,0.011496,0,-0.0836,1,0.005468,0.027726,0.005672,-0.294297,0.9636,0,0.0942,0,0,0.0,0.0,NO_SIGNAL
INNOVACAP,2025-04-04,907.21,907.21,833.13,868.78,88636,0.7845,-0.011899,0,-1.1748,-1,0.042361,0.0,0.041035,-0.223785,1.7968,0,0.0443,0,0,0.0,0.0,NO_SIGNAL
INNOVACAP,2025-04-07,725.9,841.26,723.86,831.74,56688,0.5042,-0.041987,0,-1.5257,1,0.145805,0.011446,0.002453,-0.185379,1.1729,1,-0.0072,0,0,0.09,0.07,LOW_QUALITY_FLAG
INNOVACAP,2025-04-08,876.11,876.11,838.97,852.28,33029,0.2965,-0.042329,0,0.7298,-1,0.0272,0.0,0.015617,-0.158357,0.66,0,0.1316,0,0,0.0,0.0,NO_SIGNAL
INNOVACAP,2025-04-09,855.57,874.36,810.1,829.84,73593,0.6628,-0.018715,0,-0.9717,-1,0.030074,0.022643,0.023788,-0.137152,1.2523,0,0.1218,0,0,0.0,0.0,NO_SIGNAL
INNOVACAP,2025-04-11,846.39,887.27,846.39,873.11,51756,0.4665,0.019118,0,1.6414,1,0.031569,0.016218,0.0,-0.136671,0.8521,0,0.1132,0,0,0.0,0.0,NO_SIGNAL
INNOVACAP,2025-04-15,882.39,920.42,877.4,894.9,84859,0.7647,0.030542,0,0.7297,1,0.014177,0.028517,0.005576,-0.127093,1.4147,0,0.1151,0,0,0.0,0.0,NO_SIGNAL
INNOVACAP,2025-04-16,894.85,922.32,879.35,900.98,55880,0.5038,0.033852,0,0.1244,1,0.00685,0.023685,0.017203,-0.075942,0.9341,0,0.1379,0,0,0.0,0.0,NO_SIGNAL
INNOVACAP,2025-04-17,891.96,921.17,887.97,910.5,59550,0.5361,-0.004119,0,0.2478,1,0.020786,0.011719,0.004382,-0.091665,0.9144,0,0.1574,0,0,0.0,0.0,NO_SIGNAL
INNOVACAP,2025-04-21,918.28,936.18,905.67,913.15,37786,0.3402,-0.012947,0,-0.006,-1,0.005587,0.019602,0.008191,-0.062959,0.6519,0,0.1624,0,0,0.0,0.0,NO_SIGNAL
INNOVACAP,2025-04-22,922.27,922.27,897.34,901.98,23365,0.2111,-0.031101,0,-0.5059,-1,0.022,0.0,0.005144,0.002714,0.4469,0,0.1745,0,0,0.0,0.0,NO_SIGNAL
INNOVACAP,2025-04-23,901.98,918.88,886.18,910.75,32253,0.2918,-0.011109,0,0.226,1,0.009723,0.008927,0.017348,-0.003469,0.7722,0,0.1682,0,0,0.0,0.0,NO_SIGNAL
INNOVACAP,2025-04-24,907.41,924.26,900.88,908.26,78436,0.7081,-0.000261,0,-0.1908,1,0.000937,0.017616,0.00719,0.016248,1.6949,0,0.1249,0,0,0.0,0.0,NO_SIGNAL
INNOVACAP,2025-04-25,906.47,910.55,852.43,881.59,56782,0.5124,-0.028881,0,-1.074,-1,0.027447,0.004628,0.033077,0.025653,1.2418,0,0.1432,0,0,0.0,0.0,NO_SIGNAL
INNOVACAP,2025-04-28,881.59,898.69,870.02,884.28,20343,0.1836,-0.017595,0,0.0029,1,0.003051,0.016296,0.013084,-0.020025,0.4817,0,0.1583,0,0,0.0,0.0,NO_SIGNAL
INNOVACAP,2025-04-29,898.29,898.29,873.06,885.58,33946,0.3062,-0.049404,0,-0.0496,-1,0.014149,0.0,0.014138,-0.020616,0.7654,0,0.1772,0,0,0.0,0.0,NO_SIGNAL
INNOVACAP,2025-04-30,882.39,889.32,858.46,881.94,26896,0.2426,-0.056497,0,-0.2357,-1,0.00051,0.007858,0.026623,-0.033849,0.6214,0,0.1459,0,0,0.0,0.0,NO_SIGNAL
INNOVACAP,2025-05-02,885.93,903.77,872.77,877.0,31938,0.2881,-0.064749,0,-0.2833,-1,0.01008,0.020342,0.004823,-0.035273,0.9399,0,0.164,0,0,0.0,0.0,NO_SIGNAL
INNOVACAP,2025-05-05,880.09,914.24,864.14,906.37,40801,0.3678,-0.028844,0,1.0127,1,0.029861,0.008683,0.017598,0.009841,1.3254,0,0.1456,0,0,0.0,0.0,NO_SIGNAL
INNOVACAP,2025-05-06,909.31,914.19,869.92,881.59,73211,0.6588,-0.044277,0,-1.0062,-1,0.030485,0.005535,0.013237,0.013853,1.7702,0,0.1395,0,0,0.0,0.0,NO_SIGNAL
INNOVACAP,2025-05-07,900.73,900.73,854.67,873.21,48104,0.4329,-0.04125,0,-0.4117,-1,0.030553,0.0,0.021232,0.012922,1.0886,0,0.1625,0,0,0.0,0.0,NO_SIGNAL
INNOVACAP,2025-05-08,873.31,930.54,873.31,885.03,69386,0.6235,-0.024987,0,0.3515,1,0.01342,0.051422,0.0,-0.015201,1.3169,0,0.0945,0,0,0.0,0.0,NO_SIGNAL
INNOVACAP,2025-05-09,845.6,871.77,820.07,836.07,198873,1.7786,-0.070004,0,-1.9161,-1,0.01127,0.031301,0.019137,-0.051876,2.3105,0,0.0106,0,0,0.0,0.0,NO_SIGNAL
INNOVACAP,2025-05-12,862.4,942.86,862.4,929.25,104416,0.9317,0.024075,1,3.481,1,0.077516,0.014646,0.0,-0.065067,1.0569,1,-0.0647,0,1,0.53,0.0,HIGH_QUALITY_BUY
INNOVACAP,2025-05-13,932.24,943.36,895.15,904.82,68924,0.6142,0.020658,1,-0.9468,-1,0.029413,0.01229,0.010687,-0.064005,0.7037,0,0.04,-1,0,0.0,0.0,NO_SIGNAL
INNOVACAP,2025-05-14,901.33,937.22,900.38,923.47,74029,0.6583,0.036503,1,0.5563,1,0.024564,0.014889,0.001029,-0.000121,0.7179,0,0.0323,0,0,0.0,0.0,NO_SIGNAL
INNOVACAP,2025-05-15,925.26,932.04,915.29,923.91,20021,0.178,0.024996,1,-0.0888,-1,0.001459,0.007338,0.00933,0.011514,0.2147,0,0.0411,-1,0,0.0,0.0,NO_SIGNAL
INNOVACAP,2025-05-16,937.72,937.77,911.25,920.42,39196,0.3483,0.029022,0,-0.2278,-1,0.018449,5.4e-05,0.009963,0.079312,0.6392,0,0.1724,0,0,0.0,0.0,NO_SIGNAL
INNOVACAP,2025-05-19,934.23,938.27,902.33,920.87,58430,0.5185,0.003695,0,-0.0889,-1,0.014301,0.004387,0.020133,-0.020407,1.1211,0,0.1708,0,0,0.0,0.0,NO_SIGNAL
INNOVACAP,2025-05-20,903.42,914.29,875.51,907.66,77240,0.6843,0.023841,0,-0.5633,1,0.004693,0.007304,0.030749,0.009151,1.4361,0,0.0998,0,0,0.0,0.0,NO_SIGNAL
INNOVACAP,2025-05-21,897.34,922.82,876.9,879.94,56319,0.4985,-0.001014,0,-1.0756,-1,0.019391,0.028957,0.003455,-0.022702,1.121,0,0.1369,0,0,0.0,0.0,NO_SIGNAL
INNOVACAP,2025-05-22,880.34,888.07,857.56,866.43,49832,0.4413,-0.027451,0,-0.5838,-1,0.015801,0.008922,0.010237,-0.013551,0.8866,0,0.18,0,0,0.0,0.0,NO_SIGNAL
INNOVACAP,2025-05-23,870.67,895.65,857.06,887.87,48957,0.4379,0.031772,0,0.7019,1,0.019755,0.008763,0.015329,-0.012915,0.8418,0,0.1652,0,0,0.0,0.0,NO_SIGNAL
INNOVACAP,2025-05-26,900.33,900.33,864.44,869.08,41785,0.3746,-0.068613,0,-0.7642,-1,0.034709,0.0,0.005339,-0.04205,0.7621,0,0.1563,0,0,0.0,0.0,NO_SIGNAL
INNOVACAP,2025-05-27,876.4,879.4,854.47,860.85,63941,0.5727,-0.058691,0,-0.3876,-1,0.017743,0.003485,0.007411,-0.025076,1.2257,0,0.1714,0,0,0.0,0.0,NO_SIGNAL
INNOVACAP,2025-05-28,869.43,873.36,848.49,851.68,42260,0.3785,-0.083381,0,-0.4279,-1,0.020416,0.004614,0.003746,0.006164,0.8562,0,0.1716,0,0,0.0,0.0,NO_SIGNAL
INNOVACAP,2025-05-29,852.48,874.76,847.09,865.49,42472,0.3804,-0.054899,0,0.4339,1,0.015261,0.010711,0.006228,0.017567,0.887,0,0.1669,0,0,0.0,0.0,NO_SIGNAL
INNOVACAP,2025-05-30,857.56,878.9,857.56,875.86,50005,0.4476,-0.03749,0,0.2941,1,0.02134,0.003471,0.0,-0.012227,1.0398,0,0.1574,0,0,0.0,0.0,NO_SIGNAL
INNOVACAP,2025-06-02,888.37,890.26,867.73,881.34,54744,0.4899,-0.033316,0,0.1122,-1,0.007913,0.002144,0.015442,0.041723,1.0801,0,0.1682,0,0,0.0,0.0,NO_SIGNAL
INNOVACAP,2025-06-03,887.37,896.49,867.53,890.41,44297,0.396,-0.012121,0,0.2385,1,0.003426,0.006828,0.022282,0.024334,0.9474,0,0.1561,0,0,0.0,0.0,NO_SIGNAL
INNOVACAP,2025-06-04,897.34,897.34,875.11,881.64,27696,0.2475,0.010652,0,-0.4075,-1,0.017496,0.0,0.007407,0.025523,0.6317,0,0.1809,0,0,0.0,0.0,NO_SIGNAL
INNOVACAP,2025-06-05,890.46,896.35,878.8,887.52,29596,0.2654,0.019154,0,0.118,-1,0.003302,0.006636,0.009825,0.02264,0.7172,0,0.1731,0,0,0.0,0.0,NO_SIGNAL
INNOVACAP,2025-06-06,887.52,896.35,867.53,886.47,72505,0.65,-0.00707,0,-0.1324,-1,0.001183,0.009961,0.021366,-0.048168,1.5842,0,0.1405,0,0,0.0,0.0,NO_SIGNAL
INNOVACAP,2025-06-09,900.28,907.31,877.75,883.38,38877,0.3512,0.012556,0,-0.207,-1,0.018772,0.007958,0.006373,0.051677,0.9127,0,0.1801,0,0,0.0,0.0,NO_SIGNAL
INNOVACAP,2025-06-10,891.26,891.36,847.49,862.65,52726,0.4771,-0.008481,0,-0.8591,-1,0.032101,0.000116,0.017574,0.015429,1.1907,0,0.1607,0,0,0.0,0.0,NO_SIGNAL
INNOVACAP,2025-06-11,862.45,878.4,856.06,869.28,35702,0.3241,0.005406,0,0.1615,1,0.007919,0.010491,0.007351,0.044662,0.7781,0,0.1703,0,0,0.0,0.0,NO_SIGNAL
INNOVACAP,2025-06-12,886.37,952.18,872.91,942.66,432964,3.881,0.086955,0,2.6336,1,0.063506,0.010099,0.014279,0.041834,3.4212,1,-0.0697,0,0,0.13,0.09,LOW_QUALITY_FLAG
INNOVACAP,2025-06-13,960.95,1017.69,898.94,904.62,790854,6.9045,0.038095,0,-1.3926,-1,0.058619,0.062722,0.006279,0.037641,2.9267,1,-0.1221,-1,-1,0.0,1.0,HIGH_QUALITY_SELL
INNOVACAP,2025-06-16,911.85,932.24,882.39,890.36,95944,0.8356,0.005476,0,-0.5991,-1,0.023567,0.022901,0.008951,0.041033,0.3407,0,0.137,0,0,0.0,0.0,NO_SIGNAL
INNOVACAP,2025-06-17,897.49,900.33,872.42,874.61,197448,1.7094,-0.025816,0,-0.6589,-1,0.025493,0.003247,0.002504,0.050277,0.6357,0,0.0978,0,0,0.0,0.0,NO_SIGNAL
INNOVACAP,2025-06-18,874.61,892.66,843.5,851.28,197080,1.6964,-0.037812,0,-0.9427,-1,0.026675,0.021203,0.009139,0.011864,0.5748,0,0.0912,0,0,0.0,0.0,NO_SIGNAL
INNOVACAP,2025-06-19,845.94,861.65,827.45,833.48,131956,1.1317,-0.059324,0,-0.7543,-1,0.014729,0.018849,0.007235,-0.077792,0.4668,0,0.1235,0,0,0.0,0.0,NO_SIGNAL
INNOVACAP,2025-06-20,841.81,850.83,828.05,845.1,63832,0.5467,-0.046883,0,0.3628,1,0.003908,0.00678,0.016282,-0.017624,0.4651,0,0.1389,0,0,0.0,0.0,NO_SIGNAL
INNOVACAP,2025-06-23,845.1,853.87,833.18,843.85,34521,0.2973,-0.035275,0,-0.1343,-1,0.001479,0.010393,0.012644,-0.023207,0.2762,0,0.1597,0,0,0.0,0.0,NO_SIGNAL
INNOVACAP,2025-06-24,847.49,868.43,840.46,855.87,54194,0.4781,-0.000423,0,0.3727,1,0.009888,0.014675,0.008214,-0.015642,0.5627,0,0.166,0,0,0.0,0.0,NO_SIGNAL
INNOVACAP,2025-06-25,862.45,873.11,853.52,863.89,36063,0.3185,-0.00526,0,0.2164,1,0.00167,0.010673,0.010337,0.000477,0.5625,0,0.1641,0,0,0.0,0.0,NO_SIGNAL
INNOVACAP,2025-06-26,871.42,871.42,845.5,851.28,37753,0.3335,-0.126395,0,-0.5526,-1,0.023112,0.0,0.00679,0.037775,0.8339,0,0.1628,0,0,0.0,0.0,NO_SIGNAL
INNOVACAP,2025-06-27,853.07,864.49,849.28,857.06,28709,0.2543,-0.089541,0,0.134,1,0.004677,0.008669,0.004422,0.035617,0.7506,0,0.1541,0,0,0.0,0.0,NO_SIGNAL
INNOVACAP,2025-06-30,861.3,863.79,847.49,856.21,33627,0.2983,-0.060839,0,-0.1132,-1,0.00591,0.002908,0.010184,0.043161,0.8833,0,0.1748,0,0,0.0,0.0,NO_SIGNAL
INNOVACAP,2025-07-01,860.2,886.18,837.52,841.81,48150,0.4279,-0.06467,0,-0.622,-1,0.021379,0.030862,0.005096,0.038154,1.3063,0,0.1287,0,0,0.0,0.0,NO_SIGNAL
INNOVACAP,2025-07-02,837.52,847.19,819.22,845.0,85517,0.7587,-0.032409,0,0.041,1,0.008931,0.002592,0.021657,0.019693,1.8292,0,0.1134,0,0,0.0,0.0,NO_SIGNAL
INNOVACAP,2025-07-03,845.0,858.96,838.37,853.57,41384,0.3675,-0.000225,0,0.2443,1,0.010142,0.006315,0.007767,0.040943,0.8717,0,0.1717,0,0,0.0,0.0,NO_SIGNAL
INNOVACAP,2025-07-04,861.95,871.32,849.63,857.06,73431,0.6534,0.000602,0,0.0467,-1,0.005673,0.010933,0.008669,0.033177,1.3015,0,0.1569,0,0,0.0,0.0,NO_SIGNAL
INNOVACAP,2025-07-07,857.06,869.43,842.5,847.64,32111,0.2859,-0.014517,0,-0.4355,-1,0.010991,0.014593,0.006064,0.030449,0.5722,0,0.1776,0,0,0.0,0.0,NO_SIGNAL
INNOVACAP,2025-07-08,842.5,866.43,835.58,859.85,48271,0.4303,-0.013859,0,0.379,1,0.020593,0.007652,0.008048,0.024676,0.8598,0,0.1693,0,0,0.0,0.0,NO_SIGNAL
INNOVACAP,2025-07-09,862.45,870.42,848.09,867.28,54506,0.4859,-0.004769,0,0.1942,1,0.0056,0.003621,0.016558,0.028668,1.0914,0,0.1542,0,0,0.0,0.0,NO_SIGNAL
INNOVACAP,2025-07-10,859.45,871.82,858.01,864.54,22787,0.2031,0.023465,0,-0.1854,1,0.005922,0.008421,0.001666,0.095724,0.493,0,0.1492,0,0,0.0,0.0,NO_SIGNAL
INNOVACAP,2025-07-11,853.52,877.4,849.53,872.82,46543,0.4149,0.037829,0,0.2246,1,0.022612,0.005247,0.004571,0.053541,1.1395,0,0.1574,0,0,0.0,0.0,NO_SIGNAL
INNOVACAP,2025-07-14,875.41,905.32,860.75,900.48,117853,1.0664,0.068487,0,0.9293,1,0.028638,0.005375,0.01628,0.050972,2.0322,0,0.0982,0,0,0.0,0.0,NO_SIGNAL
INNOVACAP,2025-07-15,909.26,921.67,898.74,905.27,53321,0.4829,0.087069,0,0.0806,-1,0.004388,0.013709,0.007213,0.017768,0.9037,0,0.1488,0,0,0.0,0.0,NO_SIGNAL
INNOVACAP,2025-07-16,905.27,908.26,892.36,902.53,26556,0.2408,0.076147,0,-0.1876,-1,0.003027,0.003313,0.011268,-0.019559,0.4972,0,0.1616,0,0,0.0,0.0,NO_SIGNAL
INNOVACAP,2025-07-17,902.23,936.23,897.64,924.66,89630,0.8119,0.092625,0,0.6966,1,0.024861,0.012513,0.004964,-0.039857,1.3422,0,0.138,0,0,0.0,0.0,NO_SIGNAL
INNOVACAP,2025-07-18,929.7,933.09,895.35,898.64,34196,0.31,0.068285,0,-0.9899,-1,0.033409,0.003772,0.003661,-0.033771,0.5317,0,0.1514,0,0,0.0,0.0,NO_SIGNAL
INNOVACAP,2025-07-21,898.59,919.88,890.16,901.78,30499,0.2791,0.077884,0,0.0249,1,0.00355,0.020071,0.009348,-0.067206,0.6511,0,0.1462,0,0,0.0,0.0,NO_SIGNAL
INNOVACAP,2025-07-22,910.8,914.29,895.85,908.01,37117,0.3463,0.07398,0,0.1461,-1,0.003063,0.003844,0.013392,-0.057894,0.8513,0,0.1577,0,0,0.0,0.0,NO_SIGNAL
INNOVACAP,2025-07-23,911.1,912.3,892.36,894.65,19082,0.1795,0.042463,0,-0.5543,-1,0.018055,0.001341,0.00256,-0.044337,0.4532,0,0.1672,0,0,0.0,0.0,NO_SIGNAL
INNOVACAP,2025-07-24,908.06,913.94,892.41,896.4,20262,0.1936,0.049091,0,-0.0122,-1,0.012841,0.00656,0.004451,-0.083565,0.7177,0,0.163,0,0,0.0,0.0,NO_SIGNAL
INNOVACAP,2025-07-25,909.86,909.86,881.59,902.58,48383,0.4649,0.047289,0,0.1516,-1,0.008001,0.0,0.023256,-0.048727,1.5573,0,0.1372,0,0,0.0,0.0,NO_SIGNAL
INNOVACAP,2025-07-28,897.34,922.27,867.53,877.0,81213,0.7887,-0.009143,0,-0.9899,-1,0.022667,0.028426,0.010798,-0.05176,1.9706,0,0.1127,0,0,0.0,0.0,NO_SIGNAL
INNOVACAP,2025-07-29,876.35,902.43,876.06,897.34,29340,0.2866,0.007575,0,0.6978,1,0.023952,0.005672,0.000323,-0.077716,0.7399,0,0.1598,0,0,0.0,0.0,NO_SIGNAL
INNOVACAP,2025-07-30,893.75,921.32,891.11,914.79,36415,0.3567,0.029325,0,0.5697,1,0.023541,0.007138,0.002886,-0.06008,0.8445,0,0.1655,0,0,0.0,0.0,NO_SIGNAL
INNOVACAP,2025-07-31,880.39,912.8,880.39,906.66,29685,0.2918,-0.004584,0,-0.3545,1,0.029839,0.006772,0.0,-0.050752,0.6596,0,0.1495,0,0,0.0,0.0,NO_SIGNAL
INNOVACAP,2025-08-01,909.91,909.91,868.03,885.08,60391,0.594,0.002253,0,-0.8408,-1,0.027288,0.0,0.019264,-0.052082,1.2738,0,0.1539,0,0,0.0,0.0,NO_SIGNAL
INNOVACAP,2025-08-04,885.38,898.34,881.49,891.86,15269,0.1505,0.00491,0,0.1915,1,0.007319,0.007266,0.004362,-0.035224,0.4462,0,0.1643,0,0,0.0,0.0,NO_SIGNAL
INNOVACAP,2025-08-05,900.33,913.3,890.61,909.46,42399,0.4189,0.019508,0,0.584,1,0.010141,0.004222,0.010688,-0.04419,1.1512,0,0.1637,0,0,0.0,0.0,NO_SIGNAL
INNOVACAP,2025-08-06,899.24,931.84,880.14,924.31,59397,0.5883,0.059951,0,0.4687,1,0.027879,0.008147,0.020664,-0.055351,1.4337,0,0.1354,0,0,0.0,0.0,NO_SIGNAL
INNOVACAP,2025-08-07,912.3,912.3,885.28,906.86,47415,0.4718,0.031966,0,-0.691,-1,0.005963,0.0,0.023796,-0.04873,1.0543,0,0.1543,0,0,0.0,0.0,NO_SIGNAL
INNOVACAP,2025-08-08,897.34,927.5,889.37,913.99,97519,0.9698,0.033419,0,0.1907,1,0.018555,0.014781,0.00872,-0.014505,1.8611,0,0.1251,0,0,0.0,0.0,NO_SIGNAL
INNOVACAP,2025-08-11,918.48,921.97,897.09,898.39,19640,0.1957,0.029305,0,-0.6245,-1,0.021873,0.003885,0.001447,0.009643,0.3687,0,0.1657,0,0,0.0,0.0,NO_SIGNAL
INNOVACAP,2025-08-12,902.38,911.2,885.38,908.36,30055,0.3001,0.026863,0,0.2989,1,0.006627,0.003127,0.018715,-0.004623,0.5916,0,0.1522,0,0,0.0,0.0,NO_SIGNAL
INNOVACAP,2025-08-13,917.28,917.28,893.4,899.34,24694,0.247,-0.006533,0,-0.3969,-1,0.019558,0.0,0.006605,-0.02348,0.563,0,0.1815,0,0,0.0,0.0,NO_SIGNAL
INNOVACAP,2025-08-14,899.34,907.31,894.35,902.98,25860,0.2604,0.002428,0,0.066,1,0.004047,0.004795,0.005526,0.019168,0.6538,0,0.1656,0,0,0.0,0.0,NO_SIGNAL
INNOVACAP,2025-08-18,917.28,924.26,892.31,902.83,55585,0.5739,0.007895,0,-0.0638,-1,0.015753,0.007731,0.011652,-0.016873,1.7835,0,0.1515,0,0,0.0,0.0,NO_SIGNAL
INNOVACAP,2025-08-19,902.33,906.32,895.85,898.94,23815,0.2473,-0.001836,0,-0.2025,-1,0.003757,0.004439,0.003437,0.003762,0.7442,0,0.1777,0,0,0.0,0.0,NO_SIGNAL
INNOVACAP,2025-08-20,907.31,907.31,892.41,897.59,21757,0.2274,-0.028831,0,-0.105,-1,0.010713,0.0,0.005771,-0.000381,0.7171,0,0.1774,0,0,0.0,0.0,NO_SIGNAL
INNOVACAP,2025-08-21,900.23,908.66,892.66,898.19,30552,0.3227,-0.048873,0,-0.0282,-1,0.002266,0.009386,0.006157,-0.005236,0.9695,0,0.1758,0,0,0.0,0.0,NO_SIGNAL
INNOVACAP,2025-08-22,889.47,912.35,889.47,908.66,70484,0.7484,-0.008927,0,0.3417,1,0.021575,0.004061,0.0,-0.007387,1.743,0,0.132,0,0,0.0,0.0,NO_SIGNAL
INNOVACAP,2025-08-25,909.31,951.18,909.31,931.99,90239,0.9595,-0.004507,0,0.806,1,0.024942,0.02059,0.0,-0.000286,1.905,0,0.1122,0,0,0.0,0.0,NO_SIGNAL
INNOVACAP,2025-08-26,937.22,937.22,897.34,909.31,39565,0.4212,0.007569,0,-0.8717,-1,0.02978,0.0,0.013164,-0.025306,0.7832,0,0.1696,0,0,0.0,0.0,NO_SIGNAL
INNOVACAP,2025-08-28,897.34,908.26,897.34,899.74,13700,0.1464,-0.009481,0,-0.4037,1,0.002675,0.009469,0.0,-0.000279,0.2801,0,0.143,0,0,0.0,0.0,NO_SIGNAL
INNOVACAP,2025-08-29,904.32,915.09,897.34,899.39,28678,0.3071,0.00847,0,-0.0624,-1,0.005452,0.011975,0.002279,0.01817,0.5909,0,0.1721,0,0,0.0,0.0,NO_SIGNAL
INNOVACAP,2025-09-01,898.34,933.24,897.34,928.7,66120,0.711,0.029383,0,1.0377,1,0.033796,0.004889,0.001077,-0.002255,1.3873,0,0.1298,0,0,0.0,0.0,NO_SIGNAL
INNOVACAP,2025-09-02,941.21,941.21,899.34,917.03,31745,0.3418,0.028802,0,-0.4799,-1,0.02569,0.0,0.019291,-0.05215,0.8827,0,0.1702,0,0,0.0,0.0,NO_SIGNAL
INNOVACAP,2025-09-03,916.29,922.17,899.34,911.95,50958,0.5514,0.026229,0,-0.2464,-1,0.004736,0.006448,0.013828,-0.019623,1.3326,0,0.1629,0,0,0.0,0.0,NO_SIGNAL
INNOVACAP,2025-09-04,912.0,926.66,903.92,916.09,22465,0.2435,0.03429,0,0.0935,1,0.004485,0.011538,0.00882,0.010882,0.5617,0,0.1668,0,0,0.0,0.0,NO_SIGNAL
INNOVACAP,2025-09-05,917.28,925.11,870.42,906.22,131820,1.4334,0.023902,0,-0.4153,-1,0.012057,0.00864,0.039505,0.027165,2.1745,0,0.045,0,0,0.0,0.0,NO_SIGNAL
INNOVACAP,2025-09-08,906.37,909.86,864.34,870.02,92365,1.0023,-0.037517,0,-1.3927,-1,0.040105,0.004011,0.006529,-0.022561,1.4022,0,0.124,0,0,0.0,0.0,NO_SIGNAL
INNOVACAP,2025-09-09,866.23,877.4,858.46,860.75,43133,0.4683,-0.073774,0,-0.4019,-1,0.006326,0.012977,0.00266,-0.003122,0.6329,0,0.1658,0,0,0.0,0.0,NO_SIGNAL
INNOVACAP,2025-09-10,857.61,880.39,857.61,870.32,36273,0.4009,-0.052764,0,0.3398,1,0.01482,0.01157,0.0,-0.014405,0.5562,0,0.1597,0,0,0.0,0.0,NO_SIGNAL
INNOVACAP,2025-09-11,878.4,878.4,856.61,857.56,29823,0.3317,-0.066742,0,-0.5301,-1,0.023725,0.0,0.001108,-0.007966,0.4472,0,0.1633,0,0,0.0,0.0,NO_SIGNAL
INNOVACAP,2025-09-12,858.51,871.22,852.33,857.06,33571,0.3739,-0.074297,0,-0.0509,-1,0.001689,0.01483,0.005519,-0.007235,0.7138,0,0.1634,0,0,0.0,0.0,NO_SIGNAL
INNOVACAP,2025-09-15,870.42,870.42,852.57,855.27,16727,0.1869,-0.099077,0,-0.1021,-1,0.017405,0.0,0.003157,0.035883,0.5243,0,0.1632,0,0,0.0,0.0,NO_SIGNAL
INNOVACAP,2025-09-16,855.32,869.87,855.32,858.31,19597,0.22,-0.09158,0,0.0867,1,0.003496,0.013468,0.0,0.046477,0.7205,0,0.1424,0,0,0.0,0.0,NO_SIGNAL
INNOVACAP,2025-09-17,857.46,865.04,851.83,861.35,20996,0.2365,-0.080598,0,0.0885,1,0.004537,0.004284,0.006536,0.031509,0.8697,0,0.1523,0,0,0.0,0.0,NO_SIGNAL
INNOVACAP,2025-09-18,861.45,866.08,851.68,855.07,12906,0.1458,-0.095335,0,-0.2748,-1,0.007406,0.005415,0.003965,0.044468,0.6217,0,0.1666,0,0,0.0,0.0,NO_SIGNAL
INNOVACAP,2025-09-19,861.45,864.04,852.48,858.56,15019,0.1701,-0.07641,0,0.1106,-1,0.003355,0.003017,0.007082,0.045872,0.8809,0,0.1651,0,0,0.0,0.0,NO_SIGNAL
INNOVACAP,2025-09-22,872.42,872.42,850.63,861.45,31849,0.3646,-0.026875,0,0.0908,-1,0.012574,0.0,0.01256,0.059181,1.5866,0,0.1488,0,0,0.0,0.0,NO_SIGNAL
INNOVACAP,2025-09-23,872.37,872.37,849.04,866.83,31130,0.3572,-0.004819,0,0.1888,-1,0.006351,0.0,0.020523,0.079841,1.391,0,0.1482,0,0,0.0,0.0,NO_SIGNAL
INNOVACAP,2025-09-24,865.44,865.44,837.62,848.84,33473,0.386,-0.028015,0,-0.7386,-1,0.019181,0.0,0.013218,0.051977,1.3456,0,0.1689,0,0,0.0,0.0,NO_SIGNAL
INNOVACAP,2025-09-25,848.84,854.27,832.53,837.32,12334,0.1427,-0.019001,0,-0.4874,-1,0.013571,0.006485,0.005721,0.048617,0.4981,0,0.1775,0,0,0.0,0.0,NO_SIGNAL
INNOVACAP,2025-09-26,832.53,844.95,814.19,842.55,30948,0.3592,0.001654,0,0.1877,1,0.012036,0.002848,0.021767,0.044551,1.1074,0,0.1473,0,0,0.0,0.0,NO_SIGNAL
INNOVACAP,2025-09-29,842.5,842.55,815.73,826.0,26314,0.3057,-0.016881,0,-0.7009,-1,0.019585,6.1e-05,0.012433,0.069433,0.9804,0,0.1756,0,0,0.0,0.0,NO_SIGNAL
INNOVACAP,2025-09-30,825.26,859.35,819.22,850.48,39222,0.4559,0.016945,0,0.9893,1,0.03056,0.010429,0.007102,0.053709,1.3782,0,0.1502,0,0,0.0,0.0,NO_SIGNAL
INNOVACAP,2025-10-01,857.46,876.4,847.49,869.72,25306,0.2944,0.030487,0,0.7431,1,0.014298,0.007681,0.011463,0.070906,0.9434,0,0.1656,0,0,0.0,0.0,NO_SIGNAL
INNOVACAP,2025-10-03,878.4,878.4,842.6,847.49,92642,1.0753,0.01357,0,-0.9029,-1,0.035189,0.0,0.00577,0.087029,2.1602,0,0.0778,0,0,0.0,0.0,NO_SIGNAL
INNOVACAP,2025-10-06,844.0,849.19,826.35,829.79,23278,0.2706,-0.022562,0,-0.7391,-1,0.016836,0.006255,0.004146,0.069195,0.5629,0,0.1754,0,0,0.0,0.0,NO_SIGNAL
INNOVACAP,2025-10-07,834.53,844.4,827.4,832.73,15086,0.1756,-0.028531,0,0.0968,-1,0.002157,0.011853,0.006401,0.051009,0.3858,0,0.1649,0,0,0.0,0.0,NO_SIGNAL
INNOVACAP,2025-10-08,832.48,837.47,820.72,826.05,10316,0.1202,-0.041626,0,-0.2999,-1,0.007724,0.006041,0.006452,0.011589,0.3096,0,0.1696,0,0,0.0,0.0,NO_SIGNAL
INNOVACAP,2025-10-09,826.05,857.46,825.31,844.2,34312,0.4001,-0.00879,0,0.7205,1,0.021972,0.015707,0.000877,0.000669,0.9768,0,0.1638,0,0,0.0,0.0,NO_SIGNAL
INNOVACAP,2025-10-10,851.58,859.35,832.53,834.43,32548,0.3804,-0.017531,0,-0.428,-1,0.020139,0.009312,0.002277,0.011562,1.4085,0,0.1674,0,0,0.0,0.0,NO_SIGNAL
INNOVACAP,2025-10-13,834.43,836.02,823.86,827.45,8400,0.0983,-0.039335,0,-0.3175,-1,0.008365,0.001922,0.004339,0.031728,0.4172,0,0.1689,0,0,0.0,0.0,NO_SIGNAL
INNOVACAP,2025-10-14,833.48,853.47,824.91,838.82,27093,0.3172,-0.00351,0,0.437,1,0.006407,0.017465,0.010217,0.026547,1.2023,0,0.159,0,0,0.0,0.0,NO_SIGNAL
INNOVACAP,2025-10-15,838.82,838.82,823.96,827.0,17709,0.2076,-0.055285,0,-0.5159,-1,0.014091,0.0,0.003676,0.037629,0.7375,0,0.1762,0,0,0.0,0.0,NO_SIGNAL
INNOVACAP,2025-10-16,827.0,831.89,822.56,824.56,11582,0.136,-0.082044,0,-0.1353,-1,0.00295,0.00593,0.002426,0.019447,0.595,0,0.164,0,0,0.0,0.0,NO_SIGNAL
INNOVACAP,2025-10-17,824.56,826.75,799.53,805.81,41776,0.4949,-0.081758,0,-0.8073,-1,0.022739,0.002718,0.007793,0.02331,1.9602,0,0.1329,0,0,0.0,0.0,NO_SIGNAL
INNOVACAP,2025-10-20,808.56,821.52,793.65,795.15,21497,0.255,-0.07192,0,-0.4803,-1,0.016585,0.016299,0.001886,0.034821,0.8983,0,0.1639,0,0,0.0,0.0,NO_SIGNAL
INNOVACAP,2025-10-21,795.15,807.56,790.56,799.83,5273,0.0626,-0.06934,0,0.1769,1,0.005886,0.009665,0.005739,0.025049,0.2695,0,0.1417,0,0,0.0,0.0,NO_SIGNAL
INNOVACAP,2025-10-23,805.51,814.49,800.18,802.22,31123,0.3695,-0.061686,0,0.0761,-1,0.004084,0.011194,0.002543,0.044572,1.3988,0,0.1502,0,0,0.0,0.0,NO_SIGNAL
INNOVACAP,2025-10-24,807.61,808.61,792.65,802.92,22392,0.2661,-0.073652,0,0.0054,-1,0.005807,0.001245,0.012791,0.027853,0.9172,0,0.1742,0,0,0.0,0.0,NO_SIGNAL
INNOVACAP,2025-10-27,810.9,815.53,798.83,800.88,8852,0.1053,-0.067133,0,-0.1156,-1,0.012357,0.005781,0.00256,0.037402,0.4965,0,0.1673,0,0,0.0,0.0,NO_SIGNAL
INNOVACAP,2025-10-28,802.62,810.6,794.65,807.46,13089,0.1561,-0.051696,0,0.2489,1,0.00603,0.003889,0.00987,0.057129,0.8107,0,0.1547,0,0,0.0,0.0,NO_SIGNAL
INNOVACAP,2025-10-29,816.03,816.03,799.63,813.39,15112,0.1812,-0.065875,0,0.2251,-1,0.003235,0.0,0.016917,0.03222,0.8343,0,0.1586,0,0,0.0,0.0,NO_SIGNAL
INNOVACAP,2025-10-30,813.39,836.52,802.07,832.53,21446,0.2574,-0.014415,0,0.7876,1,0.023531,0.004793,0.013597,0.058888,1.3256,0,0.1543,0,0,0.0,0.0,NO_SIGNAL
INNOVACAP,2025-10-31,830.04,845.45,824.56,828.65,13227,0.1596,0.00023,0,-0.1986,-1,0.001675,0.018597,0.004936,0.079268,0.9221,0,0.1574,0,0,0.0,0.0,NO_SIGNAL
INNOVACAP,2025-11-03,819.97,825.8,807.61,809.85,13288,0.1606,0.003545,0,-0.8216,-1,0.012342,0.007199,0.002766,0.055614,0.8724,0,0.1743,0,0,0.0,0.0,NO_SIGNAL
INNOVACAP,2025-11-04,807.61,831.54,805.66,823.96,17762,0.2151,0.045814,0,0.5796,1,0.020245,0.009199,0.002367,0.02746,1.0987,0,0.161,0,0,0.0,0.0,NO_SIGNAL
INNOVACAP,2025-11-06,828.05,828.7,798.24,800.58,14455,0.1753,0.015974,0,-1.0164,-1,0.033174,0.000812,0.002923,0.022859,0.9014,0,0.1573,0,0,0.0,0.0,NO_SIGNAL
INNOVACAP,2025-11-07,797.64,804.22,759.65,765.23,73588,0.8908,-0.029606,0,-1.5547,-1,0.040632,0.008599,0.007292,-0.00721,2.7807,0,0.0782,0,0,0.0,0.0,NO_SIGNAL
INNOVACAP,2025-11-10,745.84,760.0,734.77,738.26,35835,0.4335,-0.072659,0,-1.2334,-1,0.010163,0.01918,0.004727,0.016411,1.1565,0,0.1442,0,0,0.0,0.0,NO_SIGNAL
INNOVACAP,2025-11-11,767.73,767.73,702.92,707.75,60025,0.7298,-0.109536,0,-1.4324,-1,0.078126,0.0,0.006824,0.025743,1.4882,0,0.0572,0,0,0.0,0.0,NO_SIGNAL
INNOVACAP,2025-11-12,717.87,717.87,703.02,707.9,20382,0.2487,-0.125728,0,0.0133,-1,0.013888,0.0,0.006894,0.003624,0.4989,0,0.1587,0,0,0.0,0.0,NO_SIGNAL
INNOVACAP,2025-11-13,711.89,735.22,700.87,727.94,28622,0.3501,-0.100354,0,0.9897,1,0.022546,0.010001,0.015139,0.041451,0.6551,0,0.1414,0,0,0.0,0.0,NO_SIGNAL
INNOVACAP,2025-11-14,738.86,752.37,728.34,749.08,25239,0.3099,-0.102795,0,1.0136,1,0.013832,0.004392,0.014044,0.073115,0.7419,0,0.1331,0,0,0.0,0.0,NO_SIGNAL
INNOVACAP,2025-11-17,749.28,756.11,723.86,730.24,42229,0.5437,-0.133296,0,-0.8727,-1,0.025411,0.009353,0.008737,0.103525,1.1963,0,0.1449,0,0,0.0,0.0,NO_SIGNAL
INNOVACAP,2025-11-18,723.81,740.81,706.96,732.83,33846,0.444,-0.101482,0,0.1471,1,0.012462,0.010889,0.022993,0.126003,1.1258,0,0.1128,0,0,0.0,0.0,NO_SIGNAL
INNOVACAP,2025-11-19,736.52,738.76,718.87,726.25,36277,0.4774,-0.13982,0,-0.2958,-1,0.013944,0.003084,0.010162,0.112572,1.0913,0,0.1511,0,0,0.0,0.0,NO_SIGNAL
INNOVACAP,2025-11-20,729.84,750.23,717.87,729.99,34644,0.4614,-0.115086,0,0.2083,1,0.000206,0.027726,0.016397,0.090135,1.0057,0,0.1041,0,0,0.0,0.0,NO_SIGNAL
INNOVACAP,2025-11-21,730.89,767.73,714.88,757.21,37307,0.5005,-0.029591,0,1.351,1,0.036011,0.013893,0.021143,0.06696,1.0121,0,0.1259,0,0,0.0,0.0,NO_SIGNAL
INNOVACAP,2025-11-24,749.63,762.74,717.87,723.91,28425,0.3837,-0.030937,0,-1.5325,-1,0.03431,0.01811,0.008344,0.089735,0.8336,0,0.1367,0,0,0.0,0.0,NO_SIGNAL
INNOVACAP,2025-11-25,729.69,729.69,708.9,719.07,28335,0.3842,0.011298,0,-0.2157,-1,0.014554,0.0,0.014143,0.083374,0.8587,0,0.1724,0,0,0.0,0.0,NO_SIGNAL
INNOVACAP,2025-11-26,712.89,744.69,712.89,730.99,25674,0.3495,0.022319,0,0.6178,1,0.02539,0.018742,0.0,0.101231,0.8315,0,0.1441,0,0,0.0,0.0,NO_SIGNAL
INNOVACAP,2025-11-27,736.77,736.97,718.47,723.11,7251,0.1001,-0.017032,0,-0.3531,-1,0.01854,0.000277,0.006417,0.101567,0.2855,0,0.1536,0,0,0.0,0.0,NO_SIGNAL
INNOVACAP,2025-11-28,723.11,732.28,712.89,716.13,9801,0.137,-0.054051,0,-0.3127,-1,0.009653,0.012805,0.004524,0.085563,0.4926,0,0.1662,0,0,0.0,0.0,NO_SIGNAL
INNOVACAP,2025-12-01,722.86,722.86,707.16,713.69,42220,0.5954,-0.027278,0,-0.0828,-1,0.012686,0.0,0.00915,0.124614,1.8635,0,0.1241,0,0,0.0,0.0,NO_SIGNAL
INNOVACAP,2025-12-02,708.0,717.87,706.21,709.75,6887,0.0976,-0.034837,0,-0.1615,1,0.002472,0.011441,0.002522,0.110642,0.375,0,0.136,0,0,0.0,0.0,NO_SIGNAL
INNOVACAP,2025-12-03,712.89,722.21,707.9,714.93,7939,0.1134,-0.011281,0,0.2983,1,0.002862,0.010183,0.00698,0.110354,0.5357,0,0.1513,0,0,0.0,0.0,NO_SIGNAL
INNOVACAP,2025-12-04,700.92,717.82,700.92,709.7,8671,0.1245,-0.020229,0,-0.2261,1,0.012526,0.011441,0.0,0.094973,0.5741,0,0.1451,0,0,0.0,0.0,NO_SIGNAL
INNOVACAP,2025-12-05,712.69,712.69,701.02,706.21,6208,0.0923,-0.073034,0,-0.1278,-1,0.009092,0.0,0.007349,0.063275,0.4316,0,0.1616,0,0,0.0,0.0,NO_SIGNAL
INNOVACAP,2025-12-08,705.01,708.8,660.24,666.58,97267,1.4472,-0.080714,0,-2.0142,-1,0.05451,0.005686,0.009511,0.031084,3.8303,1,-0.0105,0,0,0.0333,0.24,LOW_QUALITY_FLAG
INNOVACAP,2025-12-09,658.1,774.61,658.05,724.01,85796,1.2836,0.013907,0,3.1861,1,0.100152,0.069889,6.9e-05,-0.002883,2.0836,1,-0.0844,0,0,0.14,0.0667,LOW_QUALITY_FLAG
INNOVACAP,2025-12-10,717.72,744.74,696.94,737.42,37223,0.5634,0.031394,0,0.7398,1,0.027448,0.009927,0.028179,-0.010243,0.7914,0,0.1279,0,0,0.0,0.0,NO_SIGNAL
INNOVACAP,2025-12-11,730.84,748.48,713.89,722.76,10757,0.1636,0.017228,0,-0.6974,-1,0.011056,0.024406,0.012272,0.025518,0.2267,0,0.1402,0,0,0.0,0.0,NO_SIGNAL
INNOVACAP,2025-12-12,721.86,735.82,704.66,719.27,31617,0.4824,0.015841,0,-0.1352,-1,0.003588,0.019409,0.020312,0.058289,0.6019,0,0.1502,0,0,0.0,0.0,NO_SIGNAL
INNOVACAP,2025-12-15,718.87,726.45,697.93,702.32,19338,0.2963,-0.004602,0,-0.8299,-1,0.023022,0.010793,0.006251,0.091851,0.5234,0,0.1718,0,0,0.0,0.0,NO_SIGNAL
INNOVACAP,2025-12-16,704.91,709.3,687.96,696.04,11143,0.1715,-0.007083,0,-0.2842,-1,0.012583,0.006307,0.011609,0.011571,0.5061,0,0.184,0,0,0.0,0.0,NO_SIGNAL
INNOVACAP,2025-12-17,702.92,702.92,682.98,692.45,9612,0.1484,-0.019707,0,-0.1463,-1,0.014895,0.0,0.013676,-0.014442,0.5828,0,0.1781,0,0,0.0,0.0,NO_SIGNAL
INNOVACAP,2025-12-18,687.96,750.78,675.9,694.29,328528,4.9986,-0.007781,0,0.1477,1,0.009201,0.081364,0.01737,0.009514,4.1042,1,-0.1064,0,0,0.0567,0.16,LOW_QUALITY_FLAG
INNOVACAP,2025-12-19,689.96,698.68,679.99,687.21,23459,0.3577,-0.013038,0,-0.3382,-1,0.003986,0.012689,0.010506,0.047872,0.2992,0,0.1645,0,0,0.0,0.0,NO_SIGNAL
INNOVACAP,2025-12-22,685.47,724.85,681.53,719.72,93317,1.4212,0.073825,0,1.8076,1,0.049966,0.007128,0.005474,0.030563,1.0011,0,0.0679,0,0,0.0,0.0,NO_SIGNAL
INNOVACAP,2025-12-23,727.64,738.56,711.84,718.72,22907,0.3493,-0.018558,0,-0.0152,-1,0.012259,0.015194,0.009573,0.033071,0.2397,0,0.1583,0,0,0.0,0.0,NO_SIGNAL
INNOVACAP,2025-12-24,730.84,730.84,705.91,712.84,16816,0.2571,-0.047082,0,-0.267,-1,0.024629,0.0,0.009722,0.054276,0.1734,0,0.1536,0,0,0.0,0.0,NO_SIGNAL
INNOVACAP,2025-12-26,707.9,719.32,701.92,707.75,24458,0.375,-0.025067,0,-0.2334,-1,0.000212,0.016136,0.008237,0.040628,0.6758,0,0.1555,0,0,0.0,0.0,NO_SIGNAL
INNOVACAP,2025-12-29,708.2,713.74,700.03,706.51,13781,0.2118,-0.012412,0,-0.0296,-1,0.002386,0.007841,0.009172,0.041518,0.4023,0,0.173,0,0,0.0,0.0,NO_SIGNAL
INNOVACAP,2025-12-30,706.16,722.86,698.98,716.93,19655,0.3027,0.025274,0,0.5861,1,0.015252,0.008271,0.010015,-0.008416,1.0067,0,0.1754,0,0,0.0,0.0,NO_SIGNAL
INNOVACAP,2025-12-31,722.76,723.26,708.95,717.97,13136,0.2037,0.021889,0,0.1009,-1,0.006627,0.000696,0.012563,-0.012625,0.7477,0,0.1736,0,0,0.0,0.0,NO_SIGNAL
INNOVACAP,2026-01-01,717.97,741.4,710.4,736.27,34468,0.539,0.05028,0,1.0213,1,0.025489,0.006968,0.010282,0.003019,1.6336,0,0.1441,0,0,0.0,0.0,NO_SIGNAL
INNOVACAP,2026-01-02,742.75,742.75,718.92,723.01,11583,0.1834,0.022536,0,-0.6396,-1,0.026577,0.0,0.005657,0.002807,0.6253,0,0.1727,0,0,0.0,0.0,NO_SIGNAL
INNOVACAP,2026-01-05,722.81,735.82,713.09,731.03,22643,0.3594,0.052641,0,0.476,1,0.011372,0.006552,0.013296,-0.00044,1.1156,0,0.1611,0,0,0.0,0.0,NO_SIGNAL
INNOVACAP,2026-01-06,732.68,733.38,720.91,728.79,10532,0.1674,0.012931,0,-0.0669,-1,0.005309,0.00096,0.010812,-0.076784,0.5701,0,0.173,0,0,0.0,0.0,NO_SIGNAL
INNOVACAP,2026-01-07,730.09,732.83,723.86,729.64,7458,0.1194,0.017117,0,0.0993,-1,0.000616,0.003755,0.007922,0.008478,0.4302,0,0.1585,0,0,0.0,0.0,NO_SIGNAL
INNOVACAP,2026-01-08,726.8,733.13,717.92,727.79,19932,0.323,0.031519,0,-0.0367,1,0.001362,0.007337,0.012201,0.001542,1.3813,0,0.1529,0,0,0.0,0.0,NO_SIGNAL
INNOVACAP,2026-01-09,729.94,729.94,696.94,701.62,40173,0.6621,0.006363,0,-1.3152,-1,0.038798,0.0,0.00667,-0.000336,1.9939,0,0.1081,0,0,0.0,0.0,NO_SIGNAL
INNOVACAP,2026-01-12,700.92,700.92,678.99,682.68,31576,0.5239,-0.026892,0,-0.9627,-1,0.026023,0.0,0.005405,-0.015269,1.4396,0,0.1583,0,0,0.0,0.0,NO_SIGNAL
INNOVACAP,2026-01-13,690.95,702.32,678.99,686.02,14966,0.2502,-0.034627,0,0.2605,-1,0.007135,0.016574,0.010248,-0.035478,0.6558,0,0.1647,0,0,0.0,0.0,NO_SIGNAL
INNOVACAP,2026-01-14,681.98,688.31,674.25,677.19,8910,0.15,-0.039003,0,-0.4379,-1,0.007024,0.009347,0.004341,-0.044803,0.3855,0,0.1674,0,0,0.0,0.0,NO_SIGNAL
INNOVACAP,2026-01-15,677.19,677.19,677.19,677.19,0,0.0,-0.063843,0,0.0597,-1,0.0,0.0,0.0,-0.047488,0.0,0,0.0956,0,0,0.0,0.0,NO_SIGNAL
INNOVACAP,2026-01-16,678.04,681.43,668.02,672.21,15447,0.2635,-0.047346,0,-0.2394,-1,0.008598,0.005043,0.006233,-0.010115,1.0894,0,0.1792,0,0,0.0,0.0,NO_SIGNAL
INNOVACAP,2026-01-19,663.39,737.81,622.16,642.85,1697401,26.0896,-0.100852,0,-1.6621,-1,0.030962,0.115766,0.032185,0.006207,4.8868,1,-0.1625,0,-1,0.03,0.75,HIGH_QUALITY_SELL
INNOVACAP,2026-01-20,630.78,665.73,627.24,650.82,146236,2.2595,-0.074321,0,0.5466,1,0.03177,0.02291,0.005439,0.044421,0.3914,0,0.0624,0,0,0.0,0.0,NO_SIGNAL
INNOVACAP,2026-01-21,643.1,665.93,624.85,647.28,72399,1.1198,-0.079404,0,-0.1535,1,0.0065,0.028813,0.028195,0.055231,0.1874,0,0.0521,0,0,0.0,0.0,NO_SIGNAL
INNOVACAP,2026-01-22,647.28,661.34,645.54,652.27,26980,0.4177,-0.084518,0,0.3646,1,0.007709,0.013905,0.002668,0.048171,0.0689,0,0.1209,0,0,0.0,0.0,NO_SIGNAL
INNOVACAP,2026-01-23,652.27,762.69,647.88,676.05,1794064,25.0828,-0.010044,0,1.4885,1,0.036457,0.128156,0.006494,0.050502,2.4004,1,-0.0909,0,-1,0.0767,0.49,LOW_QUALITY_FLAG
INNOVACAP,2026-01-27,676.95,710.75,672.36,698.88,160898,2.2353,0.049825,0,1.3758,1,0.032395,0.016984,0.006568,0.097958,0.3656,0,0.0479,0,0,0.0,0.0,NO_SIGNAL
INNOVACAP,2026-01-28,699.03,725.8,685.02,694.44,86061,1.1972,0.029686,0,-0.2059,-1,0.006566,0.038549,0.013565,0.098393,0.201,0,0.0582,0,0,0.0,0.0,NO_SIGNAL
INNOVACAP,2026-01-29,697.93,699.98,670.02,675.3,35430,0.4949,0.009398,0,-1.0396,-1,0.032424,0.003036,0.007819,0.10272,0.0842,0,0.1295,0,0,0.0,0.0,NO_SIGNAL
INNOVACAP,2026-01-30,676.1,700.0,658.75,695.2,37001,0.5186,0.042731,0,1.2314,1,0.02825,0.006904,0.024957,0.121597,0.0875,0,0.0883,0,0,0.0,0.0,NO_SIGNAL
INNOVACAP,2026-02-02,694.9,698.95,685.5,690.65,20063,0.2828,0.053832,0,-0.23,-1,0.006116,0.005864,0.007457,0.066353,0.2955,0,0.1566,0,0,0.0,0.0,NO_SIGNAL
INNOVACAP,2026-02-03,724.95,733.95,696.6,727.2,73282,1.0373,0.120718,0,2.1722,1,0.003104,0.009282,0.038985,0.045761,1.4549,0,0.0257,0,0,0.0,0.0,NO_SIGNAL
INNOVACAP,2026-02-04,736.0,737.0,711.0,716.05,21447,0.3047,0.077307,0,-0.5972,-1,0.027106,0.001397,0.007053,0.0486,0.5728,0,0.1589,0,0,0.0,0.0,NO_SIGNAL
INNOVACAP,2026-02-05,717.0,721.8,702.95,707.1,12892,0.1834,0.072443,0,-0.476,-1,0.013808,0.006788,0.005869,0.077982,0.3914,0,0.1558,0,0,0.0,0.0,NO_SIGNAL
INNOVACAP,2026-02-06,702.0,709.1,694.0,707.65,13736,0.1956,0.06879,0,0.0775,1,0.008048,0.002049,0.011305,0.045581,0.4856,0,0.1414,0,0,0.0,0.0,NO_SIGNAL
INNOVACAP,2026-02-09,707.7,725.0,707.65,709.9,23626,0.3376,0.019217,0,0.1709,1,0.003109,0.021271,7e-05,0.016071,0.8148,0,0.1491,0,0,0.0,0.0,NO_SIGNAL
INNOVACAP,2026-02-10,723.0,724.0,701.1,709.2,16029,0.2294,-0.013102,0,0.0017,-1,0.019087,0.00141,0.011421,-0.063599,0.9135,0,0.178,0,0,0.0,0.0,NO_SIGNAL
INNOVACAP,2026-02-11,709.2,719.0,700.3,705.35,15837,0.2268,-0.006252,0,-0.1798,-1,0.005429,0.013894,0.00716,-0.04312,0.9643,0,0.1764,0,0,0.0,0.0,NO_SIGNAL
INNOVACAP,2026-02-12,694.75,706.55,686.5,691.7,26827,0.3845,0.010613,0,-0.7572,-1,0.00439,0.017059,0.007518,-0.043206,1.3964,0,0.1535,0,0,0.0,0.0,NO_SIGNAL
INNOVACAP,2026-02-13,691.0,691.0,669.8,678.85,24129,0.3488,-0.028274,0,-0.7381,-1,0.017583,0.0,0.013331,-0.043149,1.1334,0,0.174,0,0,0.0,0.0,NO_SIGNAL
INNOVACAP,2026-02-16,678.85,688.8,670.0,672.75,139609,2.0139,-0.048196,0,-0.338,-1,0.008986,0.01479,0.004088,-0.053135,3.1383,0,0.0247,0,0,0.0,0.0,NO_SIGNAL
INNOVACAP,2026-02-17,670.0,692.9,668.75,681.4,9934,0.1435,-0.064444,0,0.5781,1,0.017015,0.016877,0.001834,-0.099166,0.2296,0,0.1259,0,0,0.0,0.0,NO_SIGNAL
INNOVACAP,2026-02-18,684.8,692.8,674.05,687.9,16454,0.2386,-0.041341,0,0.4314,1,0.004527,0.007123,0.015627,-0.081714,0.3792,0,0.1446,0,0,0.0,0.0,NO_SIGNAL
INNOVACAP,2026-02-19,688.0,702.1,670.0,675.1,25382,0.3688,-0.03848,0,-0.7684,-1,0.01875,0.020886,0.007554,-0.066979,0.5889,0,0.1599,0,0,0.0,0.0,NO_SIGNAL
INNOVACAP,2026-02-20,675.1,688.6,663.55,669.5,12540,0.1831,-0.050161,0,-0.3278,-1,0.008295,0.020164,0.008887,-0.040189,0.3075,0,0.1479,0,0,0.0,0.0,NO_SIGNAL
INNOVACAP,2026-02-23,672.8,694.0,661.7,683.8,25770,0.3775,-0.030768,0,0.9299,1,0.01635,0.014917,0.016233,0.004961,1.4304,0,0.1528,0,0,0.0,0.0,NO_SIGNAL
INNOVACAP,2026-02-24,683.0,684.95,668.8,671.8,18448,0.2708,-0.033494,0,-0.7321,-1,0.016398,0.002903,0.004466,0.024659,0.9356,0,0.1799,0,0,0.0,0.0,NO_SIGNAL
INNOVACAP,2026-02-25,668.0,678.5,659.55,668.35,12022,0.1773,-0.034754,0,-0.2076,1,0.000524,0.015187,0.012643,0.00915,0.6384,0,0.1489,0,0,0.0,0.0,NO_SIGNAL
INNOVACAP,2026-02-26,668.35,679.8,665.55,673.3,17010,0.2516,-0.014197,0,0.3418,1,0.007406,0.009654,0.004159,0.000295,0.9914,0,0.172,0,0,0.0,0.0,NO_SIGNAL
INNOVACAP,2026-02-27,677.0,684.0,665.0,668.25,27596,0.4091,-0.003675,0,-0.3035,-1,0.012925,0.010475,0.004863,0.036899,1.3682,0,0.1747,0,0,0.0,0.0,NO_SIGNAL
INNOVACAP,2026-03-02,623.0,685.9,622.0,664.3,27921,0.4152,0.020138,0,-0.2404,1,0.066292,0.032515,0.001505,0.009635,1.3554,0,0.077,0,0,0.0,0.0,NO_SIGNAL
INNOVACAP,2026-03-04,657.0,662.95,643.95,647.1,28909,0.4311,-0.00146,0,-1.1072,-1,0.015068,0.009195,0.004868,0.073382,1.274,0,0.1625,0,0,0.0,0.0,NO_SIGNAL
INNOVACAP,2026-03-05,648.0,674.9,639.55,669.3,29526,0.4403,0.015302,0,1.4986,1,0.03287,0.008367,0.012625,0.06671,1.1273,0,0.1355,0,0,0.0,0.0,NO_SIGNAL
INNOVACAP,2026-03-06,669.3,684.0,649.0,679.9,27774,0.4145,0.048346,0,0.6933,1,0.015837,0.00603,0.029857,0.048269,0.9798,0,0.1251,0,0,0.0,0.0,NO_SIGNAL
INNOVACAP,2026-03-09,671.6,690.3,653.25,680.75,20950,0.3134,0.07976,0,0.054,1,0.013624,0.014029,0.026956,0.056719,0.7755,0,0.1214,0,0,0.0,0.0,NO_SIGNAL
INNOVACAP,2026-03-10,685.0,708.0,680.05,703.35,21280,0.3204,0.087423,0,1.4412,1,0.026788,0.006611,0.007038,0.06801,0.8284,0,0.1379,0,0,0.0,0.0,NO_SIGNAL
INNOVACAP,2026-03-11,703.35,709.95,693.7,695.7,18695,0.2831,0.099152,0,-0.4907,-1,0.010877,0.009487,0.002875,0.09414,0.7907,0,0.1368,0,0,0.0,0.0,NO_SIGNAL
INNOVACAP,2026-03-12,695.0,723.95,680.7,713.95,22651,0.3539,0.142335,0,1.1466,1,0.027266,0.014007,0.020029,0.054519,1.0171,0,0.1243,0,0,0.0,0.0,NO_SIGNAL
INNOVACAP,2026-03-13,710.0,729.0,700.1,713.55,34884,0.5475,0.155566,0,-0.0311,1,0.005,0.021652,0.013874,0.017904,1.4724,0,0.1044,0,0,0.0,0.0,NO_SIGNAL
INNOVACAP,2026-03-16,705.6,722.95,688.6,707.0,55263,0.888,0.130288,0,-0.4056,1,0.001984,0.02256,0.024045,-0.002907,1.8087,0,0.0674,0,0,0.0,0.0,NO_SIGNAL
INNOVACAP,2026-03-17,707.0,722.35,701.0,709.85,20806,0.3372,0.120438,0,0.1855,1,0.004031,0.017609,0.008452,-0.045905,0.6831,0,0.1434,0,0,0.0,0.0,NO_SIGNAL
INNOVACAP,2026-03-18,705.0,728.45,701.15,705.0,30306,0.4923,0.115668,0,-0.296,-1,0.0,0.033262,0.005461,-0.021267,0.9245,0,0.0937,0,0,0.0,0.0,NO_SIGNAL
INNOVACAP,2026-03-19,702.0,705.55,673.0,678.55,23345,0.3801,0.088122,0,-1.6525,-1,0.033405,0.005232,0.008179,-0.035991,0.7091,0,0.1317,0,0,0.0,0.0,NO_SIGNAL
INNOVACAP,2026-03-20,688.0,696.75,674.0,679.6,14389,0.2356,0.056211,0,0.0812,-1,0.012209,0.012875,0.00824,-0.054245,0.4992,0,0.1606,0,0,0.0,0.0,NO_SIGNAL
INNOVACAP,2026-03-23,670.0,680.95,655.95,665.55,30992,0.5089,0.043049,0,-0.8982,-1,0.006642,0.016453,0.014424,-0.052728,1.2931,0,0.1448,0,0,0.0,0.0,NO_SIGNAL
INNOVACAP,2026-03-24,668.9,694.2,661.3,691.0,21687,0.3556,0.040052,0,1.696,1,0.033039,0.004631,0.010999,-0.037084,0.8982,0,0.1301,0,0,0.0,0.0,NO_SIGNAL
INNOVACAP,2026-03-25,691.0,722.85,689.9,711.55,30082,0.4959,0.0472,0,1.406,1,0.02974,0.015881,0.001546,-0.049879,1.2483,0,0.1323,0,0,0.0,0.0,NO_SIGNAL
INNOVACAP,2026-03-27,703.2,712.35,663.9,671.35,110893,1.8252,-0.02418,0,-2.5479,-1,0.045293,0.013629,0.011097,-0.0151,2.6651,0,0.0175,0,0,0.0,0.0,NO_SIGNAL
INNOVACAP,2026-03-30,671.5,700.1,662.5,689.85,61011,1.0065,0.004684,0,1.3031,1,0.027327,0.014858,0.013046,-0.009498,1.1979,0,0.1297,0,0,0.0,0.0,NO_SIGNAL
INNOVACAP,2026-04-01,685.0,722.7,685.0,703.95,23712,0.3925,0.02985,0,0.9774,1,0.027664,0.026635,0.0,0.004274,0.4793,0,0.1341,0,0,0.0,0.0,NO_SIGNAL
INNOVACAP,2026-04-02,702.0,711.35,686.15,704.4,9970,0.166,0.032335,0,0.0626,1,0.003419,0.009867,0.022501,-0.040972,0.2115,0,0.138,0,0,0.0,0.0,NO_SIGNAL
INNOVACAP,2026-04-06,708.8,712.85,693.0,699.5,65509,1.0927,0.029316,0,-0.2892,-1,0.013121,0.00579,0.009292,-0.097912,1.2082,0,0.1296,0,0,0.0,0.0,NO_SIGNAL
INNOVACAP,2026-04-07,700.0,700.6,680.7,685.25,53429,0.8916,0.007075,0,-0.9045,-1,0.021071,0.000876,0.00664,-0.003126,1.2505,0,0.1521,0,0,0.0,0.0,NO_SIGNAL
INNOVACAP,2026-04-08,700.0,701.5,680.3,683.15,79437,1.324,-0.030437,0,-0.1065,-1,0.024071,0.002196,0.004172,-0.014492,1.7116,0,0.1118,0,0,0.0,0.0,NO_SIGNAL
INNOVACAP,2026-04-09,693.0,693.0,670.0,680.8,48633,0.8093,-0.02998,0,-0.1204,-1,0.017605,0.0,0.015864,-0.032959,0.9462,0,0.1614,0,0,0.0,0.0,NO_SIGNAL
INNOVACAP,2026-04-10,695.0,700.0,681.2,689.35,28498,0.4743,-0.049491,0,0.6171,-1,0.008129,0.007253,0.011823,-0.001461,0.5172,0,0.1505,0,0,0.0,0.0,NO_SIGNAL
INNOVACAP,2026-04-13,685.9,699.2,675.05,694.3,32474,0.5408,-0.046206,0,0.3676,1,0.012247,0.007057,0.015627,-0.005422,0.6696,0,0.1545,0,0,0.0,0.0,NO_SIGNAL
INNOVACAP,2026-04-15,698.0,753.5,698.0,734.65,80868,1.3474,0.031216,0,2.6733,1,0.052507,0.025658,0.0,0.043097,1.4981,0,0.0344,0,0,0.0,0.0,NO_SIGNAL
INNOVACAP,2026-04-16,739.0,746.9,720.65,727.3,39324,0.6559,-0.026313,0,-0.4463,-1,0.015832,0.010862,0.009143,0.045357,0.8556,0,0.1702,0,0,0.0,0.0,NO_SIGNAL
INNOVACAP,2026-04-17,727.3,746.9,721.05,742.3,30637,0.5111,-0.017025,0,0.9637,1,0.020624,0.006197,0.00842,0.040406,0.7232,0,0.1503,0,0,0.0,0.0,NO_SIGNAL
INNOVACAP,2026-04-20,736.55,740.75,724.0,731.2,27649,0.4627,-0.031596,0,-0.6771,-1,0.007264,0.005744,0.009847,0.030633,0.6553,0,0.1736,0,0,0.0,0.0,NO_SIGNAL
INNOVACAP,2026-04-21,731.2,736.95,720.9,723.65,22396,0.3755,-0.032422,0,-0.4574,-1,0.010325,0.007946,0.0038,0.015819,0.5575,0,0.1779,0,0,0.0,0.0,NO_SIGNAL
INNOVACAP,2026-04-22,723.65,724.75,702.3,710.4,298490,4.9345,-0.015517,0,-0.8231,-1,0.01831,0.001548,0.011402,-0.079947,3.5662,1,-0.0365,0,0,0.0933,0.26,LOW_QUALITY_FLAG
INNOVACAP,2026-04-23,705.0,734.7,705.0,723.95,123431,2.0315,0.052817,0,0.9196,1,0.026879,0.014849,0.0,-0.069865,1.2279,0,0.0772,0,0,0.0,0.0,NO_SIGNAL
INNOVACAP,2026-04-24,734.75,734.95,705.0,721.15,39237,0.6466,0.054508,0,-0.1479,-1,0.01851,0.000277,0.022395,-0.112032,0.3838,0,0.1239,0,0,0.0,0.0,NO_SIGNAL
INNOVACAP,2026-04-27,718.4,734.9,710.0,718.05,163984,2.6804,0.041089,0,-0.1667,-1,0.000487,0.022979,0.011211,-0.05713,1.2662,0,0.0559,0,0,0.0,0.0,NO_SIGNAL
INNOVACAP,2026-04-28,722.0,742.45,711.5,720.3,89472,1.4562,0.032421,0,0.1774,-1,0.002355,0.028391,0.012217,-0.016926,0.626,0,0.0931,0,0,0.0,0.0,NO_SIGNAL
INNOVACAP,2026-04-29,724.35,739.0,723.0,728.4,44904,0.7303,-0.005732,0,0.5558,1,0.005591,0.014552,0.001853,-0.05964,0.487,0,0.1383,0,0,0.0,0.0,NO_SIGNAL
INNOVACAP,2026-04-30,724.85,763.4,716.25,752.05,124174,2.0134,0.042764,0,1.5328,1,0.037525,0.015092,0.011435,-0.05135,1.3445,0,0.07,0,0,0.0,0.0,NO_SIGNAL
INNOVACAP,2026-05-04,790.0,852.45,790.0,844.4,850842,13.1256,0.146345,1,5.381,1,0.068861,0.009533,0.0,-0.028609,3.3409,1,-0.1584,0,0,0.3167,0.3333,LOW_QUALITY_FLAG
INNOVACAP,2026-05-05,844.4,878.0,844.4,871.05,226180,3.4458,0.19691,1,1.3702,1,0.031561,0.007979,0.0,-0.023507,0.8468,1,-0.0564,0,0,0.17,0.0067,LOW_QUALITY_FLAG
INNOVACAP,2026-05-06,875.8,900.0,865.15,872.75,119208,1.8068,0.205472,1,0.0766,-1,0.003483,0.027728,0.008708,-0.036029,0.4366,1,-0.0651,0,0,0.2,0.0867,LOW_QUALITY_FLAG
INNOVACAP,2026-05-07,884.0,884.0,853.15,863.65,69625,1.0526,0.205455,1,-0.4629,-1,0.02302,0.0,0.012158,-0.074662,0.2504,1,-0.0309,0,0,0.1267,0.0867,LOW_QUALITY_FLAG
INNOVACAP,2026-05-08,850.75,900.0,830.0,875.75,155822,2.3383,0.198167,1,0.6005,1,0.029386,0.027691,0.023694,-0.117446,0.548,1,-0.063,0,0,0.2533,0.0067,LOW_QUALITY_FLAG
INNOVACAP,2026-05-11,875.75,888.5,852.0,855.25,59910,0.898,0.182149,0,-1.0249,-1,0.023409,0.014908,0.0038,-0.243393,0.4749,0,0.0576,0,0,0.0,0.0,NO_SIGNAL
INNOVACAP,2026-05-12,870.0,886.7,833.05,871.85,70573,1.058,0.232327,0,0.841,1,0.002126,0.017033,0.042381,-0.263824,0.7427,1,-0.0092,0,0,0.2267,0.0067,LOW_QUALITY_FLAG
INNOVACAP,2026-05-13,876.4,918.0,862.0,874.9,113985,1.7021,0.227252,0,0.1418,-1,0.001712,0.047548,0.014745,-0.257655,1.2128,1,-0.0504,0,0,0.12,0.1033,LOW_QUALITY_FLAG
INNOVACAP,2026-05-14,874.0,881.9,855.15,871.9,26394,0.3951,0.20833,0,-0.1589,-1,0.002403,0.009061,0.019211,-0.177271,0.3093,0,0.0854,0,0,0.0,0.0,NO_SIGNAL
INNOVACAP,2026-05-15,865.0,881.9,849.5,858.3,18015,0.2726,0.154761,0,-0.707,-1,0.007746,0.01969,0.010253,-0.200044,0.3118,0,0.0901,0,0,0.0,0.0,NO_SIGNAL
INNOVACAP,2026-05-18,858.3,891.0,848.05,877.1,62077,0.9418,0.058667,0,1.0198,1,0.021904,0.015848,0.011686,-0.15605,1.0665,0,0.1176,0,0,0.0,0.0,NO_SIGNAL
INNOVACAP,2026-05-19,885.0,905.95,869.0,873.3,46592,0.7079,0.020539,0,-0.2062,-1,0.01322,0.023989,0.004924,-0.192675,0.8723,0,0.1213,0,0,0.0,0.0,NO_SIGNAL
INNOVACAP,2026-05-20,873.3,904.0,865.4,880.2,48892,0.7439,0.037158,0,0.3679,1,0.007901,0.027039,0.008975,-0.210276,1.2104,0,0.1077,0,0,0.0,0.0,NO_SIGNAL
INNOVACAP,2026-05-21,894.7,894.7,867.0,872.25,33116,0.5035,0.038558,0,-0.422,-1,0.025092,0.0,0.006019,-0.227428,0.7934,0,0.1427,0,0,0.0,0.0,NO_SIGNAL
INNOVACAP,2026-05-22,868.5,891.5,841.2,848.3,33510,0.5096,-0.011828,0,-1.2748,-1,0.023258,0.027113,0.00837,-0.183417,0.7474,0,0.119,0,0,0.0,0.0,NO_SIGNAL
INNOVACAP,2026-05-25,844.15,882.0,834.0,855.05,85586,1.2995,-0.008536,0,0.3738,1,0.012912,0.031519,0.011871,-0.210815,1.7276,0,0.0732,0,0,0.0,0.0,NO_SIGNAL
INNOVACAP,2026-05-26,858.7,864.45,834.5,843.5,28614,0.4358,-0.054864,0,-0.6263,-1,0.017701,0.006817,0.01067,-0.208833,0.6228,0,0.1479,0,0,0.0,0.0,NO_SIGNAL
INNOVACAP,2026-05-27,845.0,870.0,841.0,846.2,41644,0.6347,-0.053473,0,0.1465,1,0.00142,0.028126,0.004727,-0.213416,0.9359,0,0.0941,0,0,0.0,0.0,NO_SIGNAL
INNOVACAP,2026-05-28,846.2,846.2,846.2,846.2,0,0.0,-0.038213,0,-0.0061,-1,0.0,0.0,0.0,-0.19159,0.0,0,0.0768,0,0,0.0,0.0,NO_SIGNAL
INNOVACAP,2026-05-29,846.2,864.9,837.05,850.4,36595,0.5599,-0.004565,0,0.2306,1,0.004963,0.017051,0.01076,-0.1283,0.9508,0,0.1434,0,0,0.0,0.0,NO_SIGNAL
INNOVACAP,2026-06-01,855.0,880.0,851.35,860.8,33860,0.5183,-0.006953,0,0.5662,1,0.006784,0.022305,0.00424,-0.012697,1.2032,0,0.1513,0,0,0.0,0.0,NO_SIGNAL
INNOVACAP,2026-06-02,862.8,880.0,836.8,862.4,35650,0.5466,-0.00643,0,0.0767,-1,0.000464,0.019944,0.029685,0.032337,1.2064,0,0.1232,0,0,0.0,0.0,NO_SIGNAL
INNOVACAP,2026-06-03,874.8,874.8,851.05,857.0,16106,0.2474,-0.015538,0,-0.3061,-1,0.020348,0.0,0.006943,0.030809,0.6589,0,0.1807,0,0,0.0,0.0,NO_SIGNAL
INNOVACAP,2026-06-04,850.0,875.0,850.0,872.55,21379,0.3288,0.010989,0,0.8413,1,0.026529,0.002808,0.0,0.020834,0.7444,0,0.1449,0,0,0.0,0.0,NO_SIGNAL
INNOVACAP,2026-06-05,861.55,889.0,857.05,867.5,24354,0.3751,0.037519,0,-0.2809,1,0.006906,0.024784,0.005187,0.029529,0.9271,0,0.1456,0,0,0.0,0.0,NO_SIGNAL
INNOVACAP,2026-06-08,850.55,903.4,850.55,870.05,68329,1.0515,0.056101,0,0.1303,1,0.022926,0.038331,0.0,-0.006559,2.0604,0,0.0793,0,0,0.0,0.0,NO_SIGNAL
INNOVACAP,2026-06-09,883.1,918.2,874.6,914.7,71460,1.0979,0.110867,0,2.3729,1,0.035783,0.003826,0.009293,0.011496,1.7721,0,0.0577,0,0,0.0,0.0,NO_SIGNAL
INNOVACAP,2026-06-10,920.7,942.0,905.1,910.1,123555,1.8872,0.103531,0,-0.2505,-1,0.011513,0.023404,0.005494,0.021727,1.9988,0,0.0387,0,0,0.0,0.0,NO_SIGNAL
INNOVACAP,2026-06-11,913.0,973.3,913.0,950.75,396483,5.9242,0.150494,0,2.0392,1,0.041347,0.023718,0.0,-0.000812,2.8975,1,-0.061,0,0,0.1133,0.2933,LOW_QUALITY_FLAG
INNOVACAP,2026-06-12,964.75,974.0,936.6,942.45,127569,1.8999,0.101851,0,-0.4248,-1,0.023115,0.009815,0.006207,-0.011645,0.8101,0,0.0669,0,0,0.0,0.0,NO_SIGNAL
INNOVACAP,2026-06-15,952.0,978.0,931.9,947.95,92876,1.3788,0.078665,0,0.2458,-1,0.004254,0.027428,0.016931,0.008758,0.5719,0,0.0708,0,0,0.0,0.0,NO_SIGNAL
INNOVACAP,2026-06-16,957.45,972.45,945.05,964.2,109749,1.6239,0.092595,0,0.7612,1,0.00705,0.008556,0.01286,-0.049972,0.6454,0,0.094,0,0,0.0,0.0,NO_SIGNAL
INNOVACAP,2026-06-17,964.8,970.0,922.55,934.9,71741,1.0593,0.061125,0,-1.423,-1,0.030991,0.005562,0.01321,-0.034895,0.4493,0,0.1111,0,0,0.0,0.0,NO_SIGNAL
INNOVACAP,2026-06-18,945.0,945.0,911.75,932.95,44131,0.6668,0.037945,0,-0.1074,-1,0.012751,0.0,0.022724,-0.088312,0.4947,0,0.137,0,0,0.0,0.0,NO_SIGNAL
INNOVACAP,2026-06-19,937.95,956.85,932.1,949.55,28432,0.4502,0.065806,0,0.8304,1,0.012367,0.007688,0.006161,-0.111823,0.4098,0,0.1391,0,0,0.0,0.0,NO_SIGNAL
INNOVACAP,2026-06-22,965.0,965.0,930.0,935.0,27108,0.4311,0.033375,0,-0.7515,-1,0.031088,0.0,0.005348,-0.107164,0.4821,0,0.1529,0,0,0.0,0.0,NO_SIGNAL
INNOVACAP,2026-06-23,935.0,954.9,930.35,943.5,21859,0.3515,0.007865,0,0.4101,1,0.009091,0.012083,0.004928,-0.140022,0.5655,0,0.153,0,0,0.0,0.0,NO_SIGNAL
INNOVACAP,2026-06-24,931.0,955.0,931.0,944.05,15383,0.2503,0.004017,0,-0.002,1,0.014017,0.011599,0.0,-0.105847,0.5618,0,0.1576,0,0,0.0,0.0,NO_SIGNAL
INNOVACAP,2026-06-25,944.05,980.0,918.0,941.35,97974,1.5974,-0.047236,0,-0.171,-1,0.00286,0.03819,0.024805,-0.10344,2.568,0,0.0076,0,0,0.0,0.0,NO_SIGNAL
INNOVACAP,2026-06-26,941.35,941.35,941.35,941.35,0,0.0,-0.018589,0,-0.0308,-1,0.0,0.0,0.0,-0.115585,0.0,0,0.0947,0,0,0.0,0.0,NO_SIGNAL
INNOVACAP,2026-06-29,937.0,999.9,932.3,994.2,94155,1.5355,0.046059,0,2.6233,1,0.061046,0.005733,0.004727,-0.091657,2.0525,0,0.008,0,0,0.0,0.0,NO_SIGNAL
INNOVACAP,2026-06-30,1003.4,1031.5,973.0,978.45,62194,1.0138,0.022107,0,-0.7871,-1,0.024865,0.028719,0.00557,-0.097523,1.153,0,0.1085,0,0,0.0,0.0,NO_SIGNAL
INNOVACAP,2026-07-01,981.0,1000.7,956.15,973.35,31123,0.5075,0.045438,0,-0.2801,-1,0.007798,0.020239,0.017671,-0.104728,0.5452,0,0.1433,0,0,0.0,0.0,NO_SIGNAL
INNOVACAP,2026-07-02,984.45,987.4,966.05,980.1,26136,0.4265,0.050801,0,0.2924,-1,0.004419,0.00301,0.014335,-0.082095,0.6118,0,0.1497,0,0,0.0,0.0,NO_SIGNAL
INNOVACAP,2026-07-03,989.9,992.45,953.0,957.85,38859,0.6337,-3.9e-05,0,-1.1069,-1,0.032377,0.002662,0.005063,-0.086622,0.7696,0,0.1496,0,0,0.0,0.0,NO_SIGNAL
INNOVACAP,2026-07-06,968.65,978.8,965.6,968.55,4812,0.0786,0.025729,0,0.4955,-1,0.000103,0.01048,0.003046,-0.139012,0.1475,0,0.107,0,0,0.0,0.0,NO_SIGNAL
