Date,Nifty_Close,Nifty_Return
2016-07-07,8337.9,0.0
2016-07-08,8323.2,-0.001763
2016-07-11,8467.9,0.017385
2016-07-12,8521.05,0.006277
2016-07-13,8519.5,-0.000182
2016-07-14,8565.0,0.005341
2016-07-15,8541.4,-0.002755
2016-07-18,8508.7,-0.003828
2016-07-19,8528.55,0.002333
2016-07-20,8565.85,0.004374
2016-07-21,8510.1,-0.006508
2016-07-22,8541.2,0.003654
2016-07-25,8635.65,0.011058
2016-07-26,8590.65,-0.005211
2016-07-27,8615.8,0.002928
2016-07-28,8666.3,0.005861
2016-07-29,8638.5,-0.003208
2016-08-01,8636.55,-0.000226
2016-08-02,8622.9,-0.00158
2016-08-03,8544.85,-0.009051
2016-08-04,8551.1,0.000731
2016-08-05,8683.15,0.015442
2016-08-08,8711.35,0.003248
2016-08-09,8678.25,-0.0038
2016-08-10,8575.3,-0.011863
2016-08-11,8592.15,0.001965
2016-08-16,8642.55,0.005866
2016-08-17,8624.05,-0.002141
2016-08-18,8673.25,0.005705
2016-08-19,8666.9,-0.000732
2016-08-22,8629.15,-0.004356
2016-08-23,8632.6,0.0004
2016-08-24,8650.3,0.00205
2016-08-25,8592.2,-0.006717
2016-08-26,8572.55,-0.002287
2016-08-29,8607.45,0.004071
2016-08-30,8744.35,0.015905
2016-08-31,8786.2,0.004786
2016-09-01,8774.65,-0.001315
2016-09-02,8809.65,0.003989
2016-09-06,8943.0,0.015137
2016-09-07,8917.95,-0.002801
2016-09-08,8952.5,0.003874
2016-09-09,8866.7,-0.009584
2016-09-12,8715.6,-0.017041
2016-09-14,8726.6,0.001262
2016-09-15,8742.55,0.001828
2016-09-16,8779.85,0.004266
2016-09-19,8808.4,0.003252
2016-09-20,8775.9,-0.00369
2016-09-21,8777.15,0.000142
2016-09-22,8867.45,0.010288
2016-09-23,8831.55,-0.004049
2016-09-26,8723.05,-0.012285
2016-09-27,8706.4,-0.001909
2016-09-28,8745.15,0.004451
2016-09-29,8591.25,-0.017598
2016-09-30,8611.15,0.002316
2016-10-03,8738.1,0.014743
2016-10-04,8769.15,0.003553
2016-10-05,8743.95,-0.002874
2016-10-06,8709.55,-0.003934
2016-10-07,8697.6,-0.001372
2016-10-10,8708.8,0.001288
2016-10-13,8573.35,-0.015553
2016-10-14,8583.4,0.001172
2016-10-17,8520.4,-0.00734
2016-10-18,8677.9,0.018485
2016-10-19,8659.1,-0.002166
2016-10-20,8699.4,0.004654
2016-10-21,8693.05,-0.00073
2016-10-24,8708.95,0.001829
2016-10-25,8691.3,-0.002027
2016-10-26,8615.25,-0.00875
2016-10-27,8615.25,0.0
2016-10-28,8638.0,0.002641
2016-11-01,8626.25,-0.00136
2016-11-02,8514.0,-0.013013
2016-11-03,8484.95,-0.003412
2016-11-04,8433.75,-0.006034
2016-11-07,8497.05,0.007506
2016-11-08,8543.55,0.005472
2016-11-09,8432.0,-0.013057
2016-11-10,8525.75,0.011118
2016-11-11,8296.3,-0.026913
2016-11-15,8108.45,-0.022643
2016-11-16,8111.6,0.000388
2016-11-17,8079.95,-0.003902
2016-11-18,8074.1,-0.000724
2016-11-21,7929.1,-0.017959
2016-11-22,8002.3,0.009232
2016-11-23,8033.3,0.003874
2016-11-24,7965.5,-0.00844
2016-11-25,8114.3,0.018681
2016-11-28,8126.9,0.001553
2016-11-29,8142.15,0.001876
2016-11-30,8224.5,0.010114
2016-12-01,8192.9,-0.003842
2016-12-02,8086.8,-0.01295
2016-12-05,8128.75,0.005187
2016-12-06,8143.15,0.001771
2016-12-07,8102.05,-0.005047
2016-12-08,8246.85,0.017872
2016-12-09,8261.75,0.001807
2016-12-12,8170.8,-0.011009
2016-12-13,8221.8,0.006242
2016-12-14,8182.45,-0.004786
2016-12-15,8153.6,-0.003526
2016-12-16,8139.45,-0.001735
2016-12-19,8104.35,-0.004312
2016-12-20,8082.4,-0.002708
2016-12-21,8061.3,-0.002611
2016-12-22,7979.1,-0.010197
2016-12-23,7985.75,0.000833
2016-12-26,7908.25,-0.009705
2016-12-27,8032.85,0.015756
2016-12-28,8034.85,0.000249
2016-12-29,8103.6,0.008556
2016-12-30,8185.8,0.010144
2017-01-02,8179.5,-0.00077
2017-01-03,8192.25,0.001559
2017-01-04,8190.5,-0.000214
2017-01-05,8273.8,0.01017
2017-01-06,8243.8,-0.003626
2017-01-09,8236.05,-0.00094
2017-01-10,8288.6,0.00638
2017-01-11,8380.65,0.011106
2017-01-12,8407.2,0.003168
2017-01-13,8400.35,-0.000815
2017-01-16,8412.8,0.001482
2017-01-17,8398.0,-0.001759
2017-01-18,8417.0,0.002262
2017-01-19,8435.1,0.00215
2017-01-20,8349.35,-0.010166
2017-01-23,8391.5,0.005048
2017-01-24,8475.8,0.010046
2017-01-25,8602.75,0.014978
2017-01-27,8641.25,0.004475
2017-01-30,8632.75,-0.000984
2017-01-31,8561.3,-0.008277
2017-02-01,8716.4,0.018116
2017-02-02,8734.25,0.002048
2017-02-03,8740.95,0.000767
2017-02-06,8801.05,0.006876
2017-02-07,8768.3,-0.003721
2017-02-08,8769.05,8.6e-05
2017-02-09,8778.4,0.001066
2017-02-10,8793.55,0.001726
2017-02-13,8805.05,0.001308
2017-02-14,8792.3,-0.001448
2017-02-15,8724.7,-0.007689
2017-02-16,8778.0,0.006109
2017-02-17,8821.7,0.004978
2017-02-20,8879.2,0.006518
2017-02-21,8907.85,0.003227
2017-02-22,8926.9,0.002139
2017-02-23,8939.5,0.001411
2017-02-27,8896.7,-0.004788
2017-02-28,8879.6,-0.001922
2017-03-01,8945.8,0.007455
2017-03-02,8899.75,-0.005148
2017-03-03,8897.55,-0.000247
2017-03-06,8963.45,0.007407
2017-03-07,8946.9,-0.001846
2017-03-08,8924.3,-0.002526
2017-03-09,8927.0,0.000303
2017-03-10,8934.55,0.000846
2017-03-14,9087.0,0.017063
2017-03-15,9084.8,-0.000242
2017-03-16,9153.7,0.007584
2017-03-17,9160.05,0.000694
2017-03-20,9126.85,-0.003624
2017-03-21,9121.5,-0.000586
2017-03-22,9030.45,-0.009982
2017-03-23,9086.3,0.006185
2017-03-24,9108.0,0.002388
2017-03-27,9045.2,-0.006895
2017-03-28,9100.8,0.006147
2017-03-29,9143.8,0.004725
2017-03-30,9173.75,0.003275
2017-03-31,9173.75,0.0
2017-04-03,9237.85,0.006987
2017-04-05,9265.15,0.002955
2017-04-06,9261.95,-0.000345
2017-04-07,9198.3,-0.006872
2017-04-10,9181.45,-0.001832
2017-04-11,9237.0,0.00605
2017-04-12,9203.45,-0.003632
2017-04-13,9150.8,-0.005721
2017-04-17,9139.3,-0.001257
2017-04-18,9105.15,-0.003737
2017-04-19,9103.5,-0.000181
2017-04-20,9136.4,0.003614
2017-04-21,9119.4,-0.001861
2017-04-24,9217.95,0.010807
2017-04-25,9306.6,0.009617
2017-04-26,9351.85,0.004862
2017-04-27,9342.15,-0.001037
2017-04-28,9304.05,-0.004078
2017-05-02,9313.8,0.001048
2017-05-03,9311.95,-0.000199
2017-05-04,9359.9,0.005149
2017-05-05,9285.3,-0.00797
2017-05-08,9314.05,0.003096
2017-05-09,9316.85,0.000301
2017-05-10,9407.3,0.009708
2017-05-11,9422.4,0.001605
2017-05-12,9400.9,-0.002282
2017-05-15,9445.4,0.004734
2017-05-16,9512.25,0.007078
2017-05-17,9525.75,0.001419
2017-05-18,9429.45,-0.010109
2017-05-19,9427.9,-0.000164
2017-05-22,9438.25,0.001098
2017-05-23,9386.15,-0.00552
2017-05-24,9360.55,-0.002727
2017-05-25,9509.75,0.015939
2017-05-26,9595.1,0.008975
2017-05-29,9604.9,0.001021
2017-05-30,9624.55,0.002046
2017-05-31,9621.25,-0.000343
2017-06-01,9616.1,-0.000535
2017-06-02,9653.5,0.003889
2017-06-05,9675.1,0.002238
2017-06-06,9637.15,-0.003922
2017-06-07,9663.9,0.002776
2017-06-08,9647.25,-0.001723
2017-06-09,9668.25,0.002177
2017-06-12,9616.4,-0.005363
2017-06-13,9606.9,-0.000988
2017-06-14,9618.15,0.001171
2017-06-15,9578.05,-0.004169
2017-06-16,9588.05,0.001044
2017-06-19,9657.55,0.007249
2017-06-20,9653.5,-0.000419
2017-06-21,9633.6,-0.002061
2017-06-22,9630.0,-0.000374
2017-06-23,9574.95,-0.005717
2017-06-27,9511.4,-0.006637
2017-06-28,9491.25,-0.002119
2017-06-29,9504.1,0.001354
2017-06-30,9520.9,0.001768
2017-07-03,9615.0,0.009884
2017-07-04,9613.3,-0.000177
2017-07-05,9637.6,0.002528
2017-07-06,9674.55,0.003834
2017-07-07,9665.8,-0.000904
2017-07-10,9771.05,0.010889
2017-07-11,9786.05,0.001535
2017-07-12,9816.1,0.003071
2017-07-13,9891.7,0.007702
2017-07-14,9886.35,-0.000541
2017-07-17,9915.95,0.002994
2017-07-18,9827.15,-0.008955
2017-07-19,9899.6,0.007372
2017-07-20,9873.3,-0.002657
2017-07-21,9915.25,0.004249
2017-07-24,9966.4,0.005159
2017-07-25,9964.55,-0.000186
2017-07-26,10020.65,0.00563
2017-07-27,10020.55,-1e-05
2017-07-28,10014.5,-0.000604
2017-07-31,10077.1,0.006251
2017-08-01,10114.65,0.003726
2017-08-02,10081.5,-0.003277
2017-08-03,10013.65,-0.00673
2017-08-04,10066.4,0.005268
2017-08-07,10057.4,-0.000894
2017-08-08,9978.55,-0.00784
2017-08-09,9908.05,-0.007065
2017-08-10,9820.25,-0.008861
2017-08-11,9710.8,-0.011145
2017-08-14,9794.15,0.008583
2017-08-16,9897.3,0.010532
2017-08-17,9904.15,0.000692
2017-08-18,9837.4,-0.00674
2017-08-21,9754.35,-0.008442
2017-08-22,9765.55,0.001148
2017-08-23,9852.5,0.008904
2017-08-24,9857.05,0.000462
2017-08-28,9912.8,0.005656
2017-08-29,9796.05,-0.011778
2017-08-30,9884.4,0.009019
2017-08-31,9917.9,0.003389
2017-09-01,9974.4,0.005697
2017-09-04,9912.85,-0.006171
2017-09-05,9952.2,0.00397
2017-09-06,9916.2,-0.003617
2017-09-07,9929.9,0.001382
2017-09-08,9934.8,0.000493
2017-09-11,10006.05,0.007172
2017-09-12,10093.05,0.008695
2017-09-13,10079.3,-0.001362
2017-09-14,10086.6,0.000724
2017-09-15,10085.4,-0.000119
2017-09-18,10153.1,0.006713
2017-09-19,10147.55,-0.000547
2017-09-20,10141.15,-0.000631
2017-09-21,10121.9,-0.001898
2017-09-22,9964.4,-0.01556
2017-09-25,9872.6,-0.009213
2017-09-26,9871.5,-0.000111
2017-09-27,9735.75,-0.013752
2017-09-28,9768.95,0.00341
2017-09-29,9788.6,0.002011
2017-10-03,9859.5,0.007243
2017-10-04,9914.9,0.005619
2017-10-05,9888.7,-0.002642
2017-10-06,9979.7,0.009202
2017-10-09,9988.75,0.000907
2017-10-10,10016.95,0.002823
2017-10-11,9984.8,-0.00321
2017-10-12,10096.4,0.011177
2017-10-13,10167.45,0.007037
2017-10-16,10230.85,0.006236
2017-10-17,10234.45,0.000352
2017-10-18,10210.85,-0.002306
2017-10-19,10146.55,-0.006297
2017-10-23,10184.85,0.003775
2017-10-24,10207.7,0.002244
2017-10-25,10295.35,0.008587
2017-10-26,10343.8,0.004706
2017-10-27,10323.05,-0.002006
2017-10-30,10363.65,0.003933
2017-10-31,10335.3,-0.002736
2017-11-01,10440.5,0.010179
2017-11-02,10423.8,-0.0016
2017-11-03,10452.5,0.002753
2017-11-06,10451.8,-6.7e-05
2017-11-07,10350.15,-0.009726
2017-11-08,10303.15,-0.004541
2017-11-09,10308.95,0.000563
2017-11-10,10321.75,0.001242
2017-11-13,10224.95,-0.009378
2017-11-14,10186.6,-0.003751
2017-11-15,10118.05,-0.006729
2017-11-16,10214.75,0.009557
2017-11-17,10283.6,0.00674
2017-11-20,10298.75,0.001473
2017-11-21,10326.9,0.002733
2017-11-22,10342.3,0.001491
2017-11-23,10348.75,0.000624
2017-11-24,10389.7,0.003957
2017-11-27,10399.55,0.000948
2017-11-28,10370.25,-0.002817
2017-11-29,10361.3,-0.000863
2017-11-30,10226.55,-0.013005
2017-12-01,10121.8,-0.010243
2017-12-04,10127.75,0.000588
2017-12-05,10118.25,-0.000938
2017-12-06,10044.1,-0.007328
2017-12-07,10166.7,0.012206
2017-12-08,10265.65,0.009733
2017-12-11,10322.25,0.005514
2017-12-12,10240.15,-0.007954
2017-12-13,10192.95,-0.004609
2017-12-14,10252.1,0.005803
2017-12-15,10333.25,0.007915
2017-12-18,10388.75,0.005371
2017-12-19,10463.2,0.007166
2017-12-20,10444.2,-0.001816
2017-12-21,10440.3,-0.000373
2017-12-22,10493.0,0.005048
2017-12-26,10531.5,0.003669
2017-12-27,10490.75,-0.003869
2017-12-28,10477.9,-0.001225
2017-12-29,10530.7,0.005039
2018-01-02,10442.2,-0.008404
2018-01-03,10443.2,9.6e-05
2018-01-04,10504.8,0.005899
2018-01-05,10558.85,0.005145
2018-01-08,10623.6,0.006132
2018-01-09,10637.0,0.001261
2018-01-10,10632.2,-0.000451
2018-01-11,10651.2,0.001787
2018-01-12,10681.25,0.002821
2018-01-15,10741.55,0.005645
2018-01-16,10700.45,-0.003826
2018-01-17,10788.55,0.008233
2018-01-18,10817.0,0.002637
2018-01-19,10894.7,0.007183
2018-01-22,10966.2,0.006563
2018-01-23,11083.7,0.010715
2018-01-24,11086.0,0.000208
2018-01-25,11069.65,-0.001475
2018-01-29,11130.4,0.005488
2018-01-30,11049.65,-0.007255
2018-01-31,11027.7,-0.001986
2018-02-01,11016.9,-0.000979
2018-02-02,10760.6,-0.023264
2018-02-05,10666.55,-0.00874
2018-02-06,10498.25,-0.015778
2018-02-07,10476.7,-0.002053
2018-02-08,10576.85,0.009559
2018-02-09,10454.95,-0.011525
2018-02-12,10539.75,0.008111
2018-02-14,10500.9,-0.003686
2018-02-15,10545.5,0.004247
2018-02-16,10452.3,-0.008838
2018-02-19,10378.4,-0.00707
2018-02-20,10360.4,-0.001734
2018-02-21,10397.45,0.003576
2018-02-22,10382.7,-0.001419
2018-02-23,10491.05,0.010436
2018-02-26,10582.6,0.008726
2018-02-27,10554.3,-0.002674
2018-02-28,10492.85,-0.005822
2018-03-01,10458.35,-0.003288
2018-03-05,10358.85,-0.009514
2018-03-06,10249.25,-0.01058
2018-03-07,10154.2,-0.009274
2018-03-08,10242.65,0.008711
2018-03-09,10226.85,-0.001543
2018-03-12,10421.4,0.019023
2018-03-13,10426.85,0.000523
2018-03-14,10410.9,-0.00153
2018-03-15,10360.15,-0.004875
2018-03-16,10195.15,-0.015926
2018-03-19,10094.25,-0.009897
2018-03-20,10124.35,0.002982
2018-03-21,10155.25,0.003052
2018-03-22,10114.75,-0.003988
2018-03-23,9998.05,-0.011538
2018-03-26,10130.65,0.013263
2018-03-27,10184.15,0.005281
2018-03-28,10113.7,-0.006918
2018-04-02,10211.8,0.0097
2018-04-03,10245.0,0.003251
2018-04-04,10128.4,-0.011381
2018-04-05,10325.15,0.019426
2018-04-06,10331.6,0.000625
2018-04-09,10379.35,0.004622
2018-04-10,10402.25,0.002206
2018-04-11,10417.15,0.001432
2018-04-12,10458.65,0.003984
2018-04-13,10480.6,0.002099
2018-04-16,10528.35,0.004556
2018-04-17,10548.7,0.001933
2018-04-18,10526.2,-0.002133
2018-04-19,10565.3,0.003715
2018-04-20,10564.05,-0.000118
2018-04-23,10584.7,0.001955
2018-04-24,10614.35,0.002801
2018-04-25,10570.55,-0.004126
2018-04-26,10617.8,0.00447
2018-04-27,10692.3,0.007017
2018-04-30,10739.35,0.0044
2018-05-02,10718.05,-0.001983
2018-05-03,10679.65,-0.003583
2018-05-04,10618.25,-0.005749
2018-05-07,10715.5,0.009159
2018-05-08,10717.8,0.000215
2018-05-09,10741.7,0.00223
2018-05-10,10716.55,-0.002341
2018-05-11,10806.5,0.008394
2018-05-14,10806.6,9e-06
2018-05-15,10801.85,-0.00044
2018-05-16,10741.1,-0.005624
2018-05-17,10682.7,-0.005437
2018-05-18,10596.4,-0.008078
2018-05-21,10516.7,-0.007521
2018-05-22,10536.7,0.001902
2018-05-23,10430.35,-0.010093
2018-05-24,10513.85,0.008005
2018-05-25,10605.15,0.008684
2018-05-28,10688.65,0.007874
2018-05-29,10633.3,-0.005178
2018-05-30,10614.35,-0.001782
2018-05-31,10736.15,0.011475
2018-06-01,10696.2,-0.003721
2018-06-04,10628.5,-0.006329
2018-06-05,10593.15,-0.003326
2018-06-06,10684.65,0.008638
2018-06-07,10768.35,0.007834
2018-06-08,10767.65,-6.5e-05
2018-06-11,10786.95,0.001792
2018-06-12,10842.85,0.005182
2018-06-13,10856.7,0.001277
2018-06-14,10808.05,-0.004481
2018-06-15,10817.7,0.000893
2018-06-18,10799.85,-0.00165
2018-06-19,10710.45,-0.008278
2018-06-20,10772.05,0.005751
2018-06-21,10741.1,-0.002873
2018-06-22,10821.85,0.007518
2018-06-25,10762.45,-0.005489
2018-06-26,10769.15,0.000623
2018-06-27,10671.4,-0.009077
2018-06-28,10589.1,-0.007712
2018-06-29,10714.3,0.011823
2018-07-02,10657.3,-0.00532
2018-07-03,10699.9,0.003997
2018-07-04,10769.9,0.006542
2018-07-05,10749.75,-0.001871
2018-07-06,10772.65,0.00213
2018-07-09,10852.9,0.007449
2018-07-10,10947.25,0.008694
2018-07-11,10948.3,9.6e-05
2018-07-12,11023.2,0.006841
2018-07-13,11018.9,-0.00039
2018-07-16,10936.85,-0.007446
2018-07-17,11008.05,0.00651
2018-07-18,10980.45,-0.002507
2018-07-19,10957.1,-0.002127
2018-07-20,11010.2,0.004846
2018-07-23,11084.75,0.006771
2018-07-24,11134.3,0.00447
2018-07-25,11132.0,-0.000207
2018-07-26,11167.3,0.003171
2018-07-27,11278.35,0.009944
2018-07-30,11319.55,0.003653
2018-07-31,11356.5,0.003264
2018-08-01,11346.2,-0.000907
2018-08-02,11244.7,-0.008946
2018-08-03,11360.8,0.010325
2018-08-06,11387.1,0.002315
2018-08-07,11389.45,0.000206
2018-08-08,11450.0,0.005316
2018-08-09,11470.7,0.001808
2018-08-10,11429.5,-0.003592
2018-08-13,11355.75,-0.006453
2018-08-14,11435.1,0.006988
2018-08-16,11385.05,-0.004377
2018-08-17,11470.75,0.007527
2018-08-20,11551.75,0.007061
2018-08-21,11570.9,0.001658
2018-08-23,11582.75,0.001024
2018-08-24,11557.1,-0.002215
2018-08-27,11691.95,0.011668
2018-08-28,11738.5,0.003981
2018-08-29,11691.9,-0.00397
2018-08-30,11676.8,-0.001291
2018-08-31,11680.5,0.000317
2018-09-03,11582.35,-0.008403
2018-09-04,11520.3,-0.005357
2018-09-05,11476.95,-0.003763
2018-09-06,11536.9,0.005224
2018-09-07,11589.1,0.004525
2018-09-10,11438.1,-0.013029
2018-09-11,11287.5,-0.013167
2018-09-12,11369.9,0.0073
2018-09-14,11515.2,0.012779
2018-09-17,11377.75,-0.011936
2018-09-18,11278.9,-0.008688
2018-09-19,11234.35,-0.00395
2018-09-21,11143.1,-0.008122
2018-09-24,10967.4,-0.015768
2018-09-25,11067.45,0.009122
2018-09-26,11053.8,-0.001233
2018-09-27,10977.55,-0.006898
2018-09-28,10930.45,-0.004291
2018-10-01,11008.3,0.007122
2018-10-03,10858.25,-0.013631
2018-10-04,10599.25,-0.023853
2018-10-05,10316.45,-0.026681
2018-10-08,10348.05,0.003063
2018-10-09,10301.05,-0.004542
2018-10-10,10460.1,0.01544
2018-10-11,10234.65,-0.021553
2018-10-12,10472.5,0.02324
2018-10-15,10512.5,0.00382
2018-10-16,10584.75,0.006873
2018-10-17,10453.05,-0.012442
2018-10-19,10303.55,-0.014302
2018-10-22,10245.25,-0.005658
2018-10-23,10146.8,-0.009609
2018-10-24,10224.75,0.007682
2018-10-25,10124.9,-0.009766
2018-10-26,10030.0,-0.009373
2018-10-29,10250.85,0.022019
2018-10-30,10198.4,-0.005117
2018-10-31,10386.6,0.018454
2018-11-01,10380.45,-0.000592
2018-11-02,10553.0,0.016623
2018-11-05,10524.0,-0.002748
2018-11-06,10530.0,0.00057
2018-11-07,10598.4,0.006496
2018-11-09,10585.2,-0.001245
2018-11-12,10482.2,-0.009731
2018-11-13,10582.5,0.009569
2018-11-14,10576.3,-0.000586
2018-11-15,10616.7,0.00382
2018-11-16,10682.2,0.00617
2018-11-19,10763.4,0.007601
2018-11-20,10656.2,-0.00996
2018-11-21,10600.05,-0.005269
2018-11-22,10526.75,-0.006915
2018-11-26,10628.6,0.009675
2018-11-27,10685.6,0.005363
2018-11-28,10728.85,0.004048
2018-11-29,10858.7,0.012103
2018-11-30,10876.75,0.001662
2018-12-03,10883.75,0.000644
2018-12-04,10869.5,-0.001309
2018-12-05,10782.9,-0.007967
2018-12-06,10601.15,-0.016855
2018-12-07,10693.7,0.00873
2018-12-10,10488.45,-0.019194
2018-12-11,10549.15,0.005787
2018-12-12,10737.6,0.017864
2018-12-13,10791.55,0.005024
2018-12-14,10805.45,0.001288
2018-12-17,10888.35,0.007672
2018-12-18,10908.7,0.001869
2018-12-19,10967.3,0.005372
2018-12-20,10951.7,-0.001422
2018-12-21,10754.0,-0.018052
2018-12-24,10663.5,-0.008415
2018-12-26,10729.85,0.006222
2018-12-27,10779.8,0.004655
2018-12-28,10859.9,0.007431
2018-12-31,10862.55,0.000244
2019-01-02,10792.5,-0.006449
2019-01-03,10672.25,-0.011142
2019-01-04,10727.35,0.005163
2019-01-07,10771.8,0.004144
2019-01-08,10802.15,0.002818
2019-01-09,10855.15,0.004906
2019-01-10,10821.6,-0.003091
2019-01-11,10794.95,-0.002463
2019-01-14,10737.6,-0.005313
2019-01-15,10886.8,0.013895
2019-01-16,10890.3,0.000321
2019-01-17,10905.2,0.001368
2019-01-18,10906.95,0.00016
2019-01-21,10961.85,0.005033
2019-01-22,10922.75,-0.003567
2019-01-23,10831.5,-0.008354
2019-01-24,10849.8,0.00169
2019-01-25,10780.55,-0.006383
2019-01-28,10661.55,-0.011038
2019-01-29,10652.2,-0.000877
2019-01-30,10651.8,-3.8e-05
2019-01-31,10830.95,0.016819
2019-02-01,10893.65,0.005789
2019-02-04,10912.25,0.001707
2019-02-05,10934.35,0.002025
2019-02-06,11062.45,0.011715
2019-02-07,11069.4,0.000628
2019-02-08,10943.6,-0.011365
2019-02-11,10888.8,-0.005007
2019-02-12,10831.4,-0.005271
2019-02-14,10746.05,-0.00788
2019-02-15,10724.4,-0.002015
2019-02-18,10640.95,-0.007781
2019-02-19,10604.35,-0.00344
2019-02-20,10735.45,0.012363
2019-02-21,10789.85,0.005067
2019-02-22,10791.65,0.000167
2019-02-25,10880.1,0.008196
2019-02-26,10835.3,-0.004118
2019-02-27,10806.65,-0.002644
2019-02-28,10792.5,-0.001309
2019-03-01,10863.5,0.006579
2019-03-05,10987.45,0.01141
2019-03-06,11053.0,0.005966
2019-03-07,11058.2,0.00047
2019-03-08,11035.4,-0.002062
2019-03-11,11168.05,0.01202
2019-03-12,11301.2,0.011922
2019-03-13,11341.7,0.003584
2019-03-14,11343.25,0.000137
2019-03-15,11426.85,0.00737
2019-03-18,11462.2,0.003094
2019-03-19,11532.4,0.006124
2019-03-20,11521.05,-0.000984
2019-03-22,11456.9,-0.005568
2019-03-25,11354.25,-0.00896
2019-03-26,11483.25,0.011361
2019-03-27,11445.05,-0.003327
2019-03-28,11570.0,0.010917
2019-04-01,11669.15,0.00857
2019-04-02,11713.2,0.003775
2019-04-03,11643.95,-0.005912
2019-04-04,11598.0,-0.003946
2019-04-05,11665.95,0.005859
2019-04-08,11604.5,-0.005267
2019-04-09,11671.95,0.005812
2019-04-10,11584.3,-0.007509
2019-04-11,11596.7,0.00107
2019-04-12,11643.45,0.004031
2019-04-15,11690.35,0.004028
2019-04-16,11787.15,0.00828
2019-04-18,11752.8,-0.002914
2019-04-22,11594.45,-0.013473
2019-04-23,11575.95,-0.001596
2019-04-24,11726.15,0.012975
2019-04-25,11641.8,-0.007193
2019-04-26,11754.65,0.009694
2019-04-30,11748.15,-0.000553
2019-05-02,11724.75,-0.001992
2019-05-03,11712.25,-0.001066
2019-05-06,11598.25,-0.009733
2019-05-07,11497.9,-0.008652
2019-05-08,11359.45,-0.012041
2019-05-09,11301.8,-0.005075
2019-05-10,11278.9,-0.002026
2019-05-13,11148.2,-0.011588
2019-05-14,11222.05,0.006624
2019-05-15,11157.0,-0.005797
2019-05-16,11257.1,0.008972
2019-05-17,11407.15,0.013329
2019-05-20,11828.25,0.036915
2019-05-21,11709.1,-0.010073
2019-05-22,11737.9,0.00246
2019-05-23,11657.05,-0.006888
2019-05-24,11844.1,0.016046
2019-05-27,11924.75,0.006809
2019-05-28,11928.75,0.000335
2019-05-29,11861.1,-0.005671
2019-05-30,11945.9,0.007149
2019-05-31,11922.8,-0.001934
2019-06-03,12088.55,0.013902
2019-06-04,12021.65,-0.005534
2019-06-06,11843.75,-0.014798
2019-06-07,11870.65,0.002271
2019-06-10,11922.7,0.004385
2019-06-11,11965.6,0.003598
2019-06-12,11906.2,-0.004964
2019-06-13,11914.05,0.000659
2019-06-14,11823.3,-0.007617
2019-06-17,11672.15,-0.012784
2019-06-18,11691.5,0.001658
2019-06-19,11691.45,-4e-06
2019-06-20,11831.75,0.012
2019-06-21,11724.1,-0.009098
2019-06-24,11699.65,-0.002085
2019-06-25,11796.45,0.008274
2019-06-26,11847.55,0.004332
2019-06-27,11841.55,-0.000506
2019-06-28,11788.85,-0.00445
2019-07-01,11865.6,0.00651
2019-07-02,11910.3,0.003767
2019-07-03,11916.75,0.000542
2019-07-04,11946.75,0.002517
2019-07-05,11811.15,-0.01135
2019-07-08,11558.6,-0.021382
2019-07-09,11555.9,-0.000234
2019-07-10,11498.9,-0.004933
2019-07-11,11582.9,0.007305
2019-07-12,11552.5,-0.002625
2019-07-15,11588.35,0.003103
2019-07-16,11662.6,0.006407
2019-07-17,11687.5,0.002135
2019-07-18,11596.9,-0.007752
2019-07-19,11419.25,-0.015319
2019-07-22,11346.2,-0.006397
2019-07-23,11331.05,-0.001335
2019-07-24,11271.3,-0.005273
2019-07-25,11252.15,-0.001699
2019-07-26,11284.3,0.002857
2019-07-29,11189.2,-0.008428
2019-07-30,11085.4,-0.009277
2019-07-31,11118.0,0.002941
2019-08-01,10980.0,-0.012412
2019-08-02,10997.35,0.00158
2019-08-05,10862.6,-0.012253
2019-08-06,10948.25,0.007885
2019-08-07,10855.5,-0.008472
2019-08-08,11032.45,0.0163
2019-08-09,11109.65,0.006998
2019-08-13,10925.85,-0.016544
2019-08-14,11029.4,0.009478
2019-08-16,11047.8,0.001668
2019-08-19,11053.9,0.000552
2019-08-20,11017.0,-0.003338
2019-08-21,10918.7,-0.008923
2019-08-22,10741.35,-0.016243
2019-08-23,10829.35,0.008193
2019-08-26,11057.85,0.0211
2019-08-27,11105.35,0.004296
2019-08-28,11046.1,-0.005335
2019-08-29,10948.3,-0.008854
2019-08-30,11023.25,0.006846
2019-09-03,10797.9,-0.020443
2019-09-04,10844.65,0.00433
2019-09-05,10847.9,0.0003
2019-09-06,10946.2,0.009062
2019-09-09,11003.05,0.005194
2019-09-11,11035.7,0.002967
2019-09-12,10982.8,-0.004794
2019-09-13,11075.9,0.008477
2019-09-16,11003.5,-0.006537
2019-09-17,10817.6,-0.016895
2019-09-18,10840.65,0.002131
2019-09-19,10704.8,-0.012532
2019-09-20,11274.2,0.053191
2019-09-23,11600.2,0.028916
2019-09-24,11588.2,-0.001034
2019-09-25,11440.2,-0.012772
2019-09-26,11571.2,0.011451
2019-09-27,11512.4,-0.005082
2019-09-30,11474.45,-0.003296
2019-10-01,11359.9,-0.009983
2019-10-03,11314.0,-0.004041
2019-10-04,11174.75,-0.012308
2019-10-07,11126.4,-0.004327
2019-10-09,11313.3,0.016798
2019-10-10,11234.55,-0.006961
2019-10-11,11305.05,0.006275
2019-10-14,11341.15,0.003193
2019-10-15,11428.3,0.007684
2019-10-16,11464.0,0.003124
2019-10-17,11586.35,0.010673
2019-10-18,11661.85,0.006516
2019-10-22,11588.35,-0.006303
2019-10-23,11604.1,0.001359
2019-10-24,11582.6,-0.001853
2019-10-25,11583.9,0.000112
2019-10-29,11786.85,0.01752
2019-10-30,11844.1,0.004857
2019-10-31,11877.45,0.002816
2019-11-01,11890.6,0.001107
2019-11-04,11941.3,0.004264
2019-11-05,11917.2,-0.002018
2019-11-06,11966.05,0.004099
2019-11-07,12012.05,0.003844
2019-11-08,11908.15,-0.00865
2019-11-11,11913.45,0.000445
2019-11-13,11840.45,-0.006128
2019-11-14,11872.1,0.002673
2019-11-15,11895.45,0.001967
2019-11-18,11884.5,-0.000921
2019-11-19,11940.1,0.004678
2019-11-20,11999.1,0.004941
2019-11-21,11968.4,-0.002559
2019-11-22,11914.4,-0.004512
2019-11-25,12073.75,0.013375
2019-11-26,12037.7,-0.002986
2019-11-27,12100.7,0.005234
2019-11-28,12151.15,0.004169
2019-11-29,12056.05,-0.007826
2019-12-02,12048.2,-0.000651
2019-12-03,11994.2,-0.004482
2019-12-04,12043.2,0.004085
2019-12-05,12018.4,-0.002059
2019-12-06,11921.5,-0.008063
2019-12-09,11937.5,0.001342
2019-12-10,11856.8,-0.00676
2019-12-11,11910.15,0.0045
2019-12-12,11971.8,0.005176
2019-12-13,12086.7,0.009598
2019-12-16,12053.95,-0.00271
2019-12-17,12165.0,0.009213
2019-12-18,12221.65,0.004657
2019-12-19,12259.7,0.003113
2019-12-20,12271.8,0.000987
2019-12-23,12262.75,-0.000737
2019-12-24,12214.55,-0.003931
2019-12-26,12126.55,-0.007205
2019-12-27,12245.8,0.009834
2019-12-30,12255.85,0.000821
2019-12-31,12168.45,-0.007131
2020-01-01,12182.5,0.001155
2020-01-02,12282.2,0.008184
2020-01-03,12226.65,-0.004523
2020-01-06,11993.05,-0.019106
2020-01-07,12052.95,0.004995
2020-01-08,12025.35,-0.00229
2020-01-09,12215.9,0.015846
2020-01-10,12256.8,0.003348
2020-01-13,12329.55,0.005935
2020-01-14,12362.3,0.002656
2020-01-15,12343.3,-0.001537
2020-01-16,12355.5,0.000988
2020-01-17,12352.35,-0.000255
2020-01-20,12224.55,-0.010346
2020-01-21,12169.85,-0.004475
2020-01-22,12106.9,-0.005173
2020-01-23,12180.35,0.006067
2020-01-24,12248.25,0.005575
2020-01-27,12119.0,-0.010553
2020-01-28,12055.8,-0.005215
2020-01-29,12129.5,0.006113
2020-01-30,12035.8,-0.007725
2020-01-31,11962.1,-0.006123
2020-02-03,11707.9,-0.02125
2020-02-04,11979.65,0.023211
2020-02-05,12089.15,0.009141
2020-02-06,12137.95,0.004037
2020-02-07,12098.35,-0.003262
2020-02-10,12031.5,-0.005526
2020-02-11,12107.9,0.00635
2020-02-12,12201.2,0.007706
2020-02-13,12174.65,-0.002176
2020-02-14,12113.45,-0.005027
2020-02-17,12045.8,-0.005585
2020-02-18,11992.5,-0.004425
2020-02-19,12125.9,0.011124
2020-02-20,12080.85,-0.003715
2020-02-24,11829.4,-0.020814
2020-02-25,11797.9,-0.002663
2020-02-26,11678.5,-0.01012
2020-02-27,11633.3,-0.00387
2020-02-28,11201.75,-0.037096
2020-03-02,11132.75,-0.00616
2020-03-03,11303.3,0.01532
2020-03-04,11251.0,-0.004627
2020-03-05,11269.0,0.0016
2020-03-06,10989.45,-0.024807
2020-03-09,10451.45,-0.048956
2020-03-11,10458.4,0.000665
2020-03-12,9590.15,-0.083019
2020-03-13,9955.2,0.038065
2020-03-16,9197.4,-0.076121
2020-03-17,8967.05,-0.025045
2020-03-18,8468.8,-0.055565
2020-03-19,8263.45,-0.024248
2020-03-20,8745.45,0.058329
2020-03-23,7610.25,-0.129805
2020-03-24,7801.05,0.025071
2020-03-25,8317.85,0.066247
2020-03-26,8641.45,0.038904
2020-03-27,8660.25,0.002176
2020-03-30,8281.1,-0.04378
2020-03-31,8597.75,0.038238
2020-04-01,8253.8,-0.040005
2020-04-03,8083.8,-0.020597
2020-04-07,8792.2,0.087632
2020-04-08,8748.75,-0.004942
2020-04-09,9111.9,0.041509
2020-04-13,8993.85,-0.012956
2020-04-15,8925.3,-0.007622
2020-04-16,8992.8,0.007563
2020-04-17,9266.75,0.030463
2020-04-20,9261.85,-0.000529
2020-04-21,8981.45,-0.030275
2020-04-22,9187.3,0.022919
2020-04-23,9313.9,0.01378
2020-04-24,9154.4,-0.017125
2020-04-27,9282.3,0.013971
2020-04-28,9380.9,0.010622
2020-04-29,9553.35,0.018383
2020-04-30,9859.9,0.032088
2020-05-04,9293.5,-0.057445
2020-05-05,9205.6,-0.009458
2020-05-06,9270.9,0.007094
2020-05-07,9199.05,-0.00775
2020-05-08,9251.5,0.005702
2020-05-11,9239.2,-0.00133
2020-05-12,9196.55,-0.004616
2020-05-13,9383.55,0.020334
2020-05-14,9142.75,-0.025662
2020-05-15,9136.85,-0.000645
2020-05-18,8823.25,-0.034323
2020-05-19,8879.1,0.00633
2020-05-20,9066.55,0.021111
2020-05-21,9106.25,0.004379
2020-05-22,9039.25,-0.007358
2020-05-26,9029.05,-0.001128
2020-05-27,9314.95,0.031664
2020-05-28,9490.1,0.018803
2020-05-29,9580.3,0.009505
2020-06-01,9826.15,0.025662
2020-06-02,9979.1,0.015566
2020-06-03,10061.55,0.008262
2020-06-04,10029.1,-0.003225
2020-06-05,10142.15,0.011272
2020-06-08,10167.45,0.002495
2020-06-09,10046.65,-0.011881
2020-06-10,10116.15,0.006918
2020-06-11,9902.0,-0.021169
2020-06-12,9972.9,0.00716
2020-06-15,9813.7,-0.015963
2020-06-16,9914.0,0.01022
2020-06-17,9881.15,-0.003313
2020-06-18,10091.65,0.021303
2020-06-19,10244.4,0.015136
2020-06-22,10311.2,0.006521
2020-06-23,10471.0,0.015498
2020-06-24,10305.3,-0.015825
2020-06-25,10288.9,-0.001591
2020-06-26,10383.0,0.009146
2020-06-29,10312.4,-0.0068
2020-06-30,10302.1,-0.000999
2020-07-01,10430.05,0.01242
2020-07-02,10551.7,0.011663
2020-07-03,10607.35,0.005274
2020-07-06,10763.65,0.014735
2020-07-07,10799.65,0.003345
2020-07-08,10705.75,-0.008695
2020-07-09,10813.45,0.01006
2020-07-10,10768.05,-0.004198
2020-07-13,10802.7,0.003218
2020-07-14,10607.35,-0.018083
2020-07-15,10618.2,0.001023
2020-07-16,10739.95,0.011466
2020-07-17,10901.7,0.015061
2020-07-20,11022.2,0.011053
2020-07-21,11162.25,0.012706
2020-07-22,11132.6,-0.002656
2020-07-23,11215.45,0.007442
2020-07-24,11194.15,-0.001899
2020-07-27,11131.8,-0.00557
2020-07-28,11300.55,0.015159
2020-07-29,11202.85,-0.008646
2020-07-30,11102.15,-0.008989
2020-07-31,11073.45,-0.002585
2020-08-03,10891.6,-0.016422
2020-08-04,11095.25,0.018698
2020-08-05,11101.65,0.000577
2020-08-06,11200.15,0.008873
2020-08-07,11214.05,0.001241
2020-08-10,11270.15,0.005003
2020-08-11,11322.5,0.004645
2020-08-12,11308.4,-0.001245
2020-08-13,11300.45,-0.000703
2020-08-14,11178.4,-0.0108
2020-08-17,11247.1,0.006146
2020-08-18,11385.35,0.012292
2020-08-19,11408.4,0.002025
2020-08-20,11312.2,-0.008432
2020-08-21,11371.6,0.005251
2020-08-24,11466.45,0.008341
2020-08-25,11472.25,0.000506
2020-08-26,11549.6,0.006742
2020-08-27,11559.25,0.000836
2020-08-28,11647.6,0.007643
2020-08-31,11387.5,-0.022331
2020-09-01,11470.25,0.007267
2020-09-02,11535.0,0.005645
2020-09-03,11527.45,-0.000655
2020-09-04,11333.85,-0.016795
2020-09-07,11355.05,0.001871
2020-09-08,11317.35,-0.00332
2020-09-09,11278.0,-0.003477
2020-09-10,11449.25,0.015184
2020-09-11,11464.45,0.001328
2020-09-14,11440.05,-0.002128
2020-09-15,11521.8,0.007146
2020-09-16,11604.55,0.007182
2020-09-17,11516.1,-0.007622
2020-09-18,11504.95,-0.000968
2020-09-21,11250.55,-0.022112
2020-09-22,11153.65,-0.008613
2020-09-23,11131.85,-0.001955
2020-09-24,10805.55,-0.029312
2020-09-25,11050.25,0.022646
2020-09-28,11227.55,0.016045
2020-09-29,11222.4,-0.000459
2020-09-30,11247.55,0.002241
2020-10-01,11416.95,0.015061
2020-10-05,11503.35,0.007568
2020-10-06,11662.4,0.013826
2020-10-07,11738.85,0.006555
2020-10-08,11834.6,0.008157
2020-10-09,11914.2,0.006726
2020-10-12,11930.95,0.001406
2020-10-13,11934.5,0.000298
2020-10-14,11971.05,0.003063
2020-10-15,11680.35,-0.024284
2020-10-16,11762.45,0.007029
2020-10-19,11873.05,0.009403
2020-10-20,11896.8,0.002
2020-10-21,11937.65,0.003434
2020-10-22,11896.45,-0.003451
2020-10-23,11930.35,0.00285
2020-10-26,11767.75,-0.013629
2020-10-27,11889.4,0.010338
2020-10-28,11729.6,-0.013441
2020-10-29,11670.8,-0.005013
2020-10-30,11642.4,-0.002433
2020-11-02,11669.15,0.002298
2020-11-03,11813.5,0.01237
2020-11-04,11908.5,0.008042
2020-11-05,12120.3,0.017786
2020-11-06,12263.55,0.011819
2020-11-09,12461.05,0.016105
2020-11-10,12631.1,0.013647
2020-11-11,12749.15,0.009346
2020-11-12,12690.8,-0.004577
2020-11-13,12719.95,0.002297
2020-11-17,12874.2,0.012127
2020-11-18,12938.25,0.004975
2020-11-19,12771.7,-0.012873
2020-11-20,12859.05,0.006839
2020-11-23,12926.45,0.005241
2020-11-24,13055.15,0.009956
2020-11-25,12858.4,-0.015071
2020-11-26,12987.0,0.010001
2020-11-27,12968.95,-0.00139
2020-12-01,13109.05,0.010803
2020-12-02,13113.75,0.000359
2020-12-03,13133.9,0.001537
2020-12-04,13258.55,0.009491
2020-12-07,13355.75,0.007331
2020-12-08,13392.95,0.002785
2020-12-09,13529.1,0.010166
2020-12-10,13478.3,-0.003755
2020-12-11,13513.85,0.002638
2020-12-14,13558.15,0.003278
2020-12-15,13567.85,0.000715
2020-12-16,13682.7,0.008465
2020-12-17,13740.7,0.004239
2020-12-18,13760.55,0.001445
2020-12-21,13328.4,-0.031405
2020-12-22,13466.3,0.010346
2020-12-23,13601.1,0.01001
2020-12-24,13749.25,0.010893
2020-12-28,13873.2,0.009015
2020-12-29,13932.6,0.004282
2020-12-30,13981.95,0.003542
2020-12-31,13981.75,-1.4e-05
2021-01-01,14018.5,0.002628
2021-01-04,14132.9,0.008161
2021-01-05,14199.5,0.004712
2021-01-06,14146.25,-0.00375
2021-01-07,14137.35,-0.000629
2021-01-08,14347.25,0.014847
2021-01-11,14484.75,0.009584
2021-01-12,14563.45,0.005433
2021-01-13,14564.85,9.6e-05
2021-01-14,14595.6,0.002111
2021-01-15,14433.7,-0.011092
2021-01-18,14281.3,-0.010559
2021-01-19,14521.15,0.016795
2021-01-20,14644.7,0.008508
2021-01-21,14590.35,-0.003711
2021-01-22,14371.9,-0.014972
2021-01-25,14238.9,-0.009254
2021-01-27,13967.5,-0.01906
2021-01-28,13817.55,-0.010736
2021-01-29,13634.6,-0.01324
2021-02-01,14281.2,0.047423
2021-02-02,14647.85,0.025674
2021-02-03,14789.95,0.009701
2021-02-04,14895.65,0.007147
2021-02-05,14924.25,0.00192
2021-02-08,15115.8,0.012835
2021-02-09,15109.3,-0.00043
2021-02-10,15106.5,-0.000185
2021-02-11,15173.3,0.004422
2021-02-12,15163.3,-0.000659
2021-02-15,15314.7,0.009985
2021-02-16,15313.45,-8.2e-05
2021-02-17,15208.9,-0.006827
2021-02-18,15118.95,-0.005914
2021-02-19,14981.75,-0.009075
2021-02-22,14675.7,-0.020428
2021-02-23,14707.8,0.002187
2021-02-24,14982.0,0.018643
2021-02-25,15097.35,0.007699
2021-02-26,14529.15,-0.037636
2021-03-01,14761.55,0.015995
2021-03-02,14919.1,0.010673
2021-03-03,15245.6,0.021885
2021-03-04,15080.75,-0.010813
2021-03-05,14938.1,-0.009459
2021-03-08,14956.2,0.001212
2021-03-09,15098.4,0.009508
2021-03-10,15174.8,0.00506
2021-03-12,15030.95,-0.00948
2021-03-15,14929.5,-0.006749
2021-03-16,14910.45,-0.001276
2021-03-17,14721.3,-0.012686
2021-03-18,14557.85,-0.011103
2021-03-19,14744.0,0.012787
2021-03-22,14736.4,-0.000515
2021-03-23,14814.75,0.005317
2021-03-24,14549.4,-0.017911
2021-03-25,14324.9,-0.01543
2021-03-26,14507.3,0.012733
2021-03-30,14845.1,0.023285
2021-03-31,14690.7,-0.010401
2021-04-01,14867.35,0.012025
2021-04-05,14637.8,-0.01544
2021-04-06,14683.5,0.003122
2021-04-07,14819.05,0.009231
2021-04-08,14873.8,0.003695
2021-04-09,14834.85,-0.002619
2021-04-12,14310.8,-0.035326
2021-04-13,14504.8,0.013556
2021-04-15,14581.45,0.005284
2021-04-16,14617.85,0.002496
2021-04-19,14359.45,-0.017677
2021-04-20,14296.4,-0.004391
2021-04-22,14406.15,0.007677
2021-04-23,14341.35,-0.004498
2021-04-26,14485.0,0.010016
2021-04-27,14653.05,0.011602
2021-04-28,14864.55,0.014434
2021-04-29,14894.9,0.002042
2021-04-30,14631.1,-0.017711
2021-05-03,14634.15,0.000208
2021-05-04,14496.5,-0.009406
2021-05-05,14617.85,0.008371
2021-05-06,14724.8,0.007316
2021-05-07,14823.15,0.006679
2021-05-10,14942.35,0.008041
2021-05-11,14850.75,-0.00613
2021-05-12,14696.5,-0.010387
2021-05-14,14677.8,-0.001272
2021-05-17,14923.15,0.016716
2021-05-18,15108.1,0.012393
2021-05-19,15030.15,-0.005159
2021-05-20,14906.05,-0.008257
2021-05-21,15175.3,0.018063
2021-05-24,15197.7,0.001476
2021-05-25,15208.45,0.000707
2021-05-26,15301.45,0.006115
2021-05-27,15337.85,0.002379
2021-05-28,15435.65,0.006376
2021-05-31,15582.8,0.009533
2021-06-01,15574.85,-0.00051
2021-06-02,15576.2,8.7e-05
2021-06-03,15690.35,0.007328
2021-06-04,15670.25,-0.001281
2021-06-07,15751.65,0.005195
2021-06-08,15740.1,-0.000733
2021-06-09,15635.35,-0.006655
2021-06-10,15737.75,0.006549
2021-06-11,15799.35,0.003914
2021-06-14,15811.85,0.000791
2021-06-15,15869.25,0.00363
2021-06-16,15767.55,-0.006409
2021-06-17,15691.4,-0.00483
2021-06-18,15683.35,-0.000513
2021-06-21,15746.5,0.004027
2021-06-22,15772.75,0.001667
2021-06-23,15686.95,-0.00544
2021-06-24,15790.45,0.006598
2021-06-25,15860.35,0.004427
2021-06-28,15814.7,-0.002878
2021-06-29,15748.45,-0.004189
2021-06-30,15721.5,-0.001711
2021-07-01,15680.0,-0.00264
2021-07-02,15722.2,0.002691
2021-07-05,15834.35,0.007133
2021-07-06,15818.25,-0.001017
2021-07-07,15879.65,0.003882
2021-07-08,15727.9,-0.009556
2021-07-09,15689.8,-0.002422
2021-07-12,15692.6,0.000178
2021-07-13,15812.35,0.007631
2021-07-14,15853.95,0.002631
2021-07-15,15924.2,0.004431
2021-07-16,15923.4,-5e-05
2021-07-19,15752.4,-0.010739
2021-07-20,15632.1,-0.007637
2021-07-22,15824.05,0.012279
2021-07-23,15856.05,0.002022
2021-07-26,15824.45,-0.001993
2021-07-27,15746.45,-0.004929
2021-07-28,15709.4,-0.002353
2021-07-29,15778.45,0.004395
2021-07-30,15763.05,-0.000976
2021-08-02,15885.15,0.007746
2021-08-03,16130.75,0.015461
2021-08-04,16258.8,0.007938
2021-08-05,16294.6,0.002202
2021-08-06,16238.2,-0.003461
2021-08-09,16258.25,0.001235
2021-08-10,16280.1,0.001344
2021-08-11,16282.25,0.000132
2021-08-12,16364.4,0.005045
2021-08-13,16529.1,0.010065
2021-08-16,16563.05,0.002054
2021-08-17,16614.6,0.003112
2021-08-18,16568.85,-0.002754
2021-08-20,16450.5,-0.007143
2021-08-23,16496.45,0.002793
2021-08-24,16624.6,0.007768
2021-08-25,16634.65,0.000605
2021-08-26,16636.9,0.000135
2021-08-27,16705.2,0.004105
2021-08-30,16931.05,0.01352
2021-08-31,17132.2,0.011881
2021-09-01,17076.25,-0.003266
2021-09-02,17234.15,0.009247
2021-09-03,17323.6,0.00519
2021-09-06,17377.8,0.003129
2021-09-07,17362.1,-0.000903
2021-09-08,17353.5,-0.000495
2021-09-09,17369.25,0.000908
2021-09-13,17355.3,-0.000803
2021-09-14,17380.0,0.001423
2021-09-15,17519.45,0.008024
2021-09-16,17629.5,0.006282
2021-09-17,17585.15,-0.002516
2021-09-20,17396.9,-0.010705
2021-09-21,17562.0,0.00949
2021-09-22,17546.65,-0.000874
2021-09-23,17822.95,0.015747
2021-09-24,17853.2,0.001697
2021-09-27,17855.1,0.000106
2021-09-28,17748.6,-0.005965
2021-09-29,17711.3,-0.002102
2021-09-30,17618.15,-0.005259
2021-10-01,17532.05,-0.004887
2021-10-04,17691.25,0.009081
2021-10-05,17822.3,0.007408
2021-10-06,17646.0,-0.009892
2021-10-07,17790.35,0.00818
2021-10-08,17895.2,0.005894
2021-10-11,17945.95,0.002836
2021-10-12,17991.95,0.002563
2021-10-13,18161.75,0.009438
2021-10-14,18338.55,0.009735
2021-10-18,18477.05,0.007552
2021-10-19,18418.75,-0.003155
2021-10-20,18266.6,-0.008261
2021-10-21,18178.1,-0.004845
2021-10-22,18114.9,-0.003477
2021-10-25,18125.4,0.00058
2021-10-26,18268.4,0.007889
2021-10-27,18210.95,-0.003145
2021-10-28,17857.25,-0.019422
2021-10-29,17671.65,-0.010394
2021-11-01,17929.65,0.0146
2021-11-02,17888.95,-0.00227
2021-11-03,17829.2,-0.00334
2021-11-04,17916.8,0.004913
2021-11-08,18068.55,0.00847
2021-11-09,18044.25,-0.001345
2021-11-10,18017.2,-0.001499
2021-11-11,17873.6,-0.00797
2021-11-12,18102.75,0.012821
2021-11-15,18109.45,0.00037
2021-11-16,17999.2,-0.006088
2021-11-17,17898.65,-0.005586
2021-11-18,17764.8,-0.007478
2021-11-22,17416.55,-0.019603
2021-11-23,17503.35,0.004984
2021-11-24,17415.05,-0.005045
2021-11-25,17536.25,0.006959
2021-11-26,17026.45,-0.029071
2021-11-29,17053.95,0.001615
2021-11-30,16983.2,-0.004149
2021-12-01,17166.9,0.010817
2021-12-02,17401.65,0.013675
2021-12-03,17196.7,-0.011778
2021-12-06,16912.25,-0.016541
2021-12-07,17176.7,0.015637
2021-12-08,17469.75,0.017061
2021-12-09,17516.85,0.002696
2021-12-10,17511.3,-0.000317
2021-12-13,17368.25,-0.008169
2021-12-14,17324.9,-0.002496
2021-12-15,17221.4,-0.005974
2021-12-16,17248.4,0.001568
2021-12-17,16985.2,-0.015259
2021-12-20,16614.2,-0.021843
2021-12-21,16770.85,0.009429
2021-12-22,16955.45,0.011007
2021-12-23,17072.6,0.006909
2021-12-24,17003.75,-0.004033
2021-12-27,17086.25,0.004852
2021-12-28,17233.25,0.008603
2021-12-29,17213.6,-0.00114
2021-12-30,17203.95,-0.000561
2021-12-31,17354.05,0.008725
2022-01-03,17625.7,0.015653
2022-01-04,17805.25,0.010187
2022-01-05,17925.25,0.00674
2022-01-06,17745.9,-0.010005
2022-01-07,17812.7,0.003764
2022-01-10,18003.3,0.0107
2022-01-11,18055.75,0.002913
2022-01-12,18212.35,0.008673
2022-01-13,18257.8,0.002496
2022-01-14,18255.75,-0.000112
2022-01-17,18308.1,0.002868
2022-01-18,18113.05,-0.010654
2022-01-19,17938.4,-0.009642
2022-01-20,17757.0,-0.010112
2022-01-21,17617.15,-0.007876
2022-01-24,17149.1,-0.026568
2022-01-25,17277.95,0.007514
2022-01-27,17110.15,-0.009712
2022-01-28,17101.95,-0.000479
2022-01-31,17339.85,0.013911
2022-02-01,17576.85,0.013668
2022-02-02,17780.0,0.011558
2022-02-03,17560.2,-0.012362
2022-02-04,17516.3,-0.0025
2022-02-07,17213.6,-0.017281
2022-02-08,17266.75,0.003088
2022-02-09,17463.8,0.011412
2022-02-10,17605.85,0.008134
2022-02-11,17374.75,-0.013126
2022-02-14,16842.8,-0.030616
2022-02-15,17352.45,0.030259
2022-02-16,17322.2,-0.001743
2022-02-17,17304.6,-0.001016
2022-02-18,17276.3,-0.001635
2022-02-21,17206.65,-0.004032
2022-02-22,17092.2,-0.006651
2022-02-23,17063.25,-0.001694
2022-02-24,16247.95,-0.047781
2022-02-25,16658.4,0.025262
2022-02-28,16793.9,0.008134
2022-03-02,16605.95,-0.011192
2022-03-03,16498.05,-0.006498
2022-03-04,16245.35,-0.015317
2022-03-07,15863.15,-0.023527
2022-03-08,16013.45,0.009475
2022-03-09,16345.35,0.020726
2022-03-10,16594.9,0.015267
2022-03-11,16630.45,0.002142
2022-03-14,16871.3,0.014482
2022-03-15,16663.0,-0.012346
2022-03-16,16975.35,0.018745
2022-03-17,17287.05,0.018362
2022-03-21,17117.6,-0.009802
2022-03-22,17315.5,0.011561
2022-03-23,17245.65,-0.004034
2022-03-24,17222.75,-0.001328
2022-03-25,17153.0,-0.00405
2022-03-28,17222.0,0.004023
2022-03-29,17325.3,0.005998
2022-03-30,17498.25,0.009983
2022-03-31,17464.75,-0.001914
2022-04-01,17670.45,0.011778
2022-04-04,18053.4,0.021672
2022-04-05,17957.4,-0.005318
2022-04-06,17807.65,-0.008339
2022-04-07,17639.55,-0.00944
2022-04-08,17784.35,0.008209
2022-04-11,17674.95,-0.006151
2022-04-12,17530.3,-0.008184
2022-04-13,17475.65,-0.003117
2022-04-18,17173.65,-0.017281
2022-04-19,16958.65,-0.012519
2022-04-20,17136.55,0.01049
2022-04-21,17392.6,0.014942
2022-04-22,17171.95,-0.012686
2022-04-25,16953.95,-0.012695
2022-04-26,17200.8,0.01456
2022-04-27,17038.4,-0.009441
2022-04-28,17245.05,0.012128
2022-04-29,17102.55,-0.008263
2022-05-02,17069.1,-0.001956
2022-05-04,16677.6,-0.022936
2022-05-05,16682.65,0.000303
2022-05-06,16411.25,-0.016268
2022-05-09,16301.85,-0.006666
2022-05-10,16240.05,-0.003791
2022-05-11,16167.1,-0.004492
2022-05-12,15808.0,-0.022212
2022-05-13,15782.15,-0.001635
2022-05-16,15842.3,0.003811
2022-05-17,16259.3,0.026322
2022-05-18,16240.3,-0.001169
2022-05-19,15809.4,-0.026533
2022-05-20,16266.15,0.028891
2022-05-23,16214.7,-0.003163
2022-05-24,16125.15,-0.005523
2022-05-25,16025.8,-0.006161
2022-05-26,16170.15,0.009007
2022-05-27,16352.45,0.011274
2022-05-30,16661.4,0.018893
2022-05-31,16584.55,-0.004612
2022-06-01,16522.75,-0.003726
2022-06-02,16628.0,0.00637
2022-06-03,16584.3,-0.002628
2022-06-06,16569.55,-0.000889
2022-06-07,16416.35,-0.009246
2022-06-08,16356.25,-0.003661
2022-06-09,16478.1,0.00745
2022-06-10,16201.8,-0.016768
2022-06-13,15774.4,-0.02638
2022-06-14,15732.1,-0.002682
2022-06-15,15692.15,-0.002539
2022-06-16,15360.6,-0.021128
2022-06-17,15293.5,-0.004368
2022-06-20,15350.15,0.003704
2022-06-21,15638.8,0.018804
2022-06-22,15413.3,-0.014419
2022-06-23,15556.65,0.0093
2022-06-24,15699.25,0.009166
2022-06-27,15832.05,0.008459
2022-06-28,15850.2,0.001146
2022-06-29,15799.1,-0.003224
2022-06-30,15780.25,-0.001193
2022-07-01,15752.05,-0.001787
2022-07-04,15835.35,0.005288
2022-07-05,15810.85,-0.001547
2022-07-06,15989.8,0.011318
2022-07-07,16132.9,0.008949
2022-07-08,16220.6,0.005436
2022-07-11,16216.0,-0.000284
2022-07-12,16058.3,-0.009725
2022-07-13,15966.65,-0.005707
2022-07-14,15938.65,-0.001754
2022-07-15,16049.2,0.006936
2022-07-18,16278.5,0.014287
2022-07-19,16340.55,0.003812
2022-07-20,16520.85,0.011034
2022-07-21,16605.25,0.005109
2022-07-22,16719.45,0.006877
2022-07-25,16631.0,-0.00529
2022-07-26,16483.85,-0.008848
2022-07-27,16641.8,0.009582
2022-07-28,16929.6,0.017294
2022-07-29,17158.25,0.013506
2022-08-01,17340.05,0.010595
2022-08-02,17345.45,0.000311
2022-08-03,17388.15,0.002462
2022-08-04,17382.0,-0.000354
2022-08-05,17397.5,0.000892
2022-08-08,17525.1,0.007334
2022-08-10,17534.75,0.000551
2022-08-11,17659.0,0.007086
2022-08-12,17698.15,0.002217
2022-08-16,17825.25,0.007182
2022-08-17,17944.25,0.006676
2022-08-18,17956.5,0.000683
2022-08-19,17758.45,-0.011029
2022-08-22,17490.7,-0.015077
2022-08-23,17577.5,0.004963
2022-08-24,17604.95,0.001562
2022-08-25,17522.45,-0.004686
2022-08-26,17558.9,0.00208
2022-08-29,17312.9,-0.01401
2022-08-30,17759.3,0.025784
2022-09-01,17542.8,-0.012191
2022-09-02,17539.45,-0.000191
2022-09-05,17665.8,0.007204
2022-09-06,17655.6,-0.000577
2022-09-07,17624.4,-0.001767
2022-09-08,17798.75,0.009893
2022-09-09,17833.35,0.001944
2022-09-12,17936.35,0.005776
2022-09-13,18070.05,0.007454
2022-09-14,18003.75,-0.003669
2022-09-15,17877.4,-0.007018
2022-09-16,17530.85,-0.019385
2022-09-19,17622.25,0.005214
2022-09-20,17816.25,0.011009
2022-09-21,17718.35,-0.005495
2022-09-22,17629.8,-0.004998
2022-09-23,17327.35,-0.017156
2022-09-26,17016.3,-0.017951
2022-09-27,17007.4,-0.000523
2022-09-28,16858.6,-0.008749
2022-09-29,16818.1,-0.002402
2022-09-30,17094.35,0.016426
2022-10-03,16887.35,-0.012109
2022-10-04,17274.3,0.022914
2022-10-06,17331.8,0.003329
2022-10-07,17314.65,-0.00099
2022-10-10,17241.0,-0.004254
2022-10-11,16983.55,-0.014932
2022-10-12,17123.6,0.008246
2022-10-13,17014.35,-0.00638
2022-10-14,17185.7,0.010071
2022-10-17,17311.8,0.007337
2022-10-18,17486.95,0.010117
2022-10-19,17512.25,0.001447
2022-10-20,17563.95,0.002952
2022-10-21,17576.3,0.000703
2022-10-24,17730.75,0.008787
2022-10-25,17656.35,-0.004196
2022-10-27,17736.95,0.004565
2022-10-28,17786.8,0.002811
2022-10-31,18012.2,0.012672
2022-11-01,18145.4,0.007395
2022-11-02,18082.85,-0.003447
2022-11-03,18052.7,-0.001667
2022-11-04,18117.15,0.00357
2022-11-07,18202.8,0.004728
2022-11-09,18157.0,-0.002516
2022-11-10,18028.2,-0.007094
2022-11-11,18349.7,0.017833
2022-11-14,18329.15,-0.00112
2022-11-15,18403.4,0.004051
2022-11-16,18409.65,0.00034
2022-11-17,18343.9,-0.003571
2022-11-18,18307.65,-0.001976
2022-11-21,18159.95,-0.008068
2022-11-22,18244.2,0.004639
2022-11-23,18267.25,0.001263
2022-11-24,18484.1,0.011871
2022-11-25,18512.75,0.00155
2022-11-28,18562.75,0.002701
2022-11-29,18618.05,0.002979
2022-11-30,18758.35,0.007536
2022-12-01,18812.5,0.002887
2022-12-02,18696.1,-0.006187
2022-12-05,18701.05,0.000265
2022-12-06,18642.75,-0.003117
2022-12-07,18560.5,-0.004412
2022-12-08,18609.35,0.002632
2022-12-09,18496.6,-0.006059
2022-12-12,18497.15,3e-05
2022-12-13,18608.0,0.005993
2022-12-14,18660.3,0.002811
2022-12-15,18414.9,-0.013151
2022-12-16,18269.0,-0.007923
2022-12-19,18420.45,0.00829
2022-12-20,18385.3,-0.001908
2022-12-21,18199.1,-0.010128
2022-12-22,18127.35,-0.003943
2022-12-23,17806.8,-0.017683
2022-12-26,18014.6,0.01167
2022-12-27,18132.3,0.006534
2022-12-28,18122.5,-0.00054
2022-12-29,18191.0,0.00378
2022-12-30,18105.3,-0.004711
2023-01-02,18197.45,0.00509
2023-01-03,18232.55,0.001929
2023-01-04,18042.95,-0.010399
2023-01-05,17992.15,-0.002816
2023-01-06,17859.45,-0.007375
2023-01-09,18101.2,0.013536
2023-01-10,17914.15,-0.010334
2023-01-11,17895.7,-0.00103
2023-01-12,17858.2,-0.002095
2023-01-13,17956.6,0.00551
2023-01-16,17894.85,-0.003439
2023-01-17,18053.3,0.008855
2023-01-18,18165.35,0.006207
2023-01-19,18107.85,-0.003165
2023-01-20,18027.65,-0.004429
2023-01-23,18118.55,0.005042
2023-01-24,18118.3,-1.4e-05
2023-01-25,17891.95,-0.012493
2023-01-27,17604.35,-0.016074
2023-01-30,17648.95,0.002533
2023-01-31,17662.15,0.000748
2023-02-01,17616.3,-0.002596
2023-02-02,17610.4,-0.000335
2023-02-03,17854.05,0.013836
2023-02-06,17764.6,-0.00501
2023-02-07,17721.5,-0.002426
2023-02-08,17871.7,0.008476
2023-02-09,17893.45,0.001217
2023-02-10,17856.5,-0.002065
2023-02-13,17770.9,-0.004794
2023-02-14,17929.85,0.008944
2023-02-15,18015.85,0.004796
2023-02-16,18035.85,0.00111
2023-02-17,17944.2,-0.005082
2023-02-20,17844.6,-0.005551
2023-02-21,17826.7,-0.001003
2023-02-22,17554.3,-0.01528
2023-02-23,17511.25,-0.002452
2023-02-24,17465.8,-0.002595
2023-02-27,17392.7,-0.004185
2023-02-28,17303.95,-0.005103
2023-03-01,17450.9,0.008492
2023-03-02,17321.9,-0.007392
2023-03-03,17594.35,0.015729
2023-03-06,17711.45,0.006656
2023-03-08,17754.4,0.002425
2023-03-09,17589.6,-0.009282
2023-03-10,17412.9,-0.010046
2023-03-13,17154.3,-0.014851
2023-03-14,17043.3,-0.006471
2023-03-15,16972.15,-0.004175
2023-03-16,16985.6,0.000792
2023-03-17,17100.05,0.006738
2023-03-20,16988.4,-0.006529
2023-03-21,17107.5,0.007011
2023-03-22,17151.9,0.002595
2023-03-23,17076.9,-0.004373
2023-03-24,16945.05,-0.007721
2023-03-27,16985.7,0.002399
2023-03-28,16951.7,-0.002002
2023-03-29,17080.7,0.00761
2023-03-31,17359.75,0.016337
2023-04-03,17398.05,0.002206
2023-04-05,17557.05,0.009139
2023-04-06,17599.15,0.002398
2023-04-10,17624.05,0.001415
2023-04-11,17722.3,0.005575
2023-04-12,17812.4,0.005084
2023-04-13,17828.0,0.000876
2023-04-17,17706.85,-0.006795
2023-04-18,17660.15,-0.002637
2023-04-19,17618.75,-0.002344
2023-04-20,17624.45,0.000324
2023-04-21,17624.05,-2.3e-05
2023-04-24,17743.4,0.006772
2023-04-25,17769.25,0.001457
2023-04-26,17813.6,0.002496
2023-04-27,17915.05,0.005695
2023-04-28,18065.0,0.00837
2023-05-02,18147.65,0.004575
2023-05-03,18089.85,-0.003185
2023-05-04,18255.8,0.009174
2023-05-05,18069.0,-0.010232
2023-05-08,18264.4,0.010814
2023-05-09,18265.95,8.5e-05
2023-05-10,18315.1,0.002691
2023-05-11,18297.0,-0.000988
2023-05-12,18314.8,0.000973
2023-05-15,18398.85,0.004589
2023-05-16,18286.5,-0.006106
2023-05-17,18181.75,-0.005728
2023-05-18,18129.95,-0.002849
2023-05-19,18203.4,0.004051
2023-05-22,18314.4,0.006098
2023-05-23,18348.0,0.001835
2023-05-24,18285.4,-0.003412
2023-05-25,18321.15,0.001955
2023-05-26,18499.35,0.009726
2023-05-29,18598.65,0.005368
2023-05-30,18633.85,0.001893
2023-05-31,18534.4,-0.005337
2023-06-01,18487.75,-0.002517
2023-06-02,18534.1,0.002507
2023-06-05,18593.85,0.003224
2023-06-06,18599.0,0.000277
2023-06-07,18726.4,0.00685
2023-06-08,18634.55,-0.004905
2023-06-09,18563.4,-0.003818
2023-06-12,18601.5,0.002052
2023-06-13,18716.15,0.006163
2023-06-14,18755.9,0.002124
2023-06-15,18688.1,-0.003615
2023-06-16,18826.0,0.007379
2023-06-19,18755.45,-0.003747
2023-06-20,18816.7,0.003266
2023-06-21,18856.85,0.002134
2023-06-22,18771.25,-0.004539
2023-06-23,18665.5,-0.005634
2023-06-26,18691.2,0.001377
2023-06-27,18817.4,0.006752
2023-06-28,18972.1,0.008221
2023-06-30,19189.05,0.011435
2023-07-03,19322.55,0.006957
2023-07-04,19389.0,0.003439
2023-07-05,19398.5,0.00049
2023-07-06,19497.3,0.005093
2023-07-07,19331.8,-0.008488
2023-07-10,19355.9,0.001247
2023-07-11,19439.4,0.004314
2023-07-12,19384.3,-0.002834
2023-07-13,19413.75,0.001519
2023-07-14,19564.5,0.007765
2023-07-17,19711.45,0.007511
2023-07-18,19749.25,0.001918
2023-07-19,19833.15,0.004248
2023-07-20,19979.15,0.007361
2023-07-21,19745.0,-0.01172
2023-07-24,19672.35,-0.003679
2023-07-25,19680.6,0.000419
2023-07-26,19778.3,0.004964
2023-07-27,19659.9,-0.005986
2023-07-28,19646.05,-0.000704
2023-07-31,19753.8,0.005485
2023-08-01,19733.55,-0.001025
2023-08-02,19526.55,-0.01049
2023-08-03,19381.65,-0.007421
2023-08-04,19517.0,0.006983
2023-08-07,19597.3,0.004114
2023-08-08,19570.85,-0.00135
2023-08-09,19632.55,0.003153
2023-08-10,19543.1,-0.004556
2023-08-11,19428.3,-0.005874
2023-08-14,19434.55,0.000322
2023-08-16,19465.0,0.001567
2023-08-17,19365.25,-0.005125
2023-08-18,19310.15,-0.002845
2023-08-21,19393.6,0.004322
2023-08-22,19396.45,0.000147
2023-08-23,19444.0,0.002451
2023-08-24,19386.7,-0.002947
2023-08-25,19265.8,-0.006236
2023-08-28,19306.05,0.002089
2023-08-29,19342.65,0.001896
2023-08-30,19347.45,0.000248
2023-08-31,19253.8,-0.00484
2023-09-01,19435.3,0.009427
2023-09-04,19528.8,0.004811
2023-09-05,19574.9,0.002361
2023-09-06,19611.05,0.001847
2023-09-07,19727.05,0.005915
2023-09-08,19819.95,0.004709
2023-09-11,19996.35,0.0089
2023-09-12,19993.2,-0.000158
2023-09-13,20070.0,0.003841
2023-09-14,20103.1,0.001649
2023-09-15,20192.35,0.00444
2023-09-18,20133.3,-0.002924
2023-09-20,19901.4,-0.011518
2023-09-21,19742.35,-0.007992
2023-09-22,19674.25,-0.003449
2023-09-25,19674.55,1.5e-05
2023-09-26,19664.7,-0.000501
2023-09-27,19716.45,0.002632
2023-09-28,19523.55,-0.009784
2023-09-29,19638.3,0.005878
2023-10-03,19528.75,-0.005578
2023-10-04,19436.1,-0.004744
2023-10-05,19545.75,0.005642
2023-10-06,19653.5,0.005513
2023-10-09,19512.35,-0.007182
2023-10-10,19689.85,0.009097
2023-10-11,19811.35,0.006171
2023-10-12,19794.0,-0.000876
2023-10-13,19751.05,-0.00217
2023-10-16,19731.75,-0.000977
2023-10-17,19811.5,0.004042
2023-10-18,19671.1,-0.007087
2023-10-19,19624.7,-0.002359
2023-10-20,19542.65,-0.004181
2023-10-23,19281.75,-0.01335
2023-10-25,19122.15,-0.008277
2023-10-26,18857.25,-0.013853
2023-10-27,19047.25,0.010076
2023-10-30,19140.9,0.004917
2023-10-31,19079.6,-0.003203
2023-11-01,18989.15,-0.004741
2023-11-02,19133.25,0.007589
2023-11-03,19230.6,0.005088
2023-11-06,19411.75,0.00942
2023-11-07,19406.7,-0.00026
2023-11-08,19443.5,0.001896
2023-11-09,19395.3,-0.002479
2023-11-10,19425.35,0.001549
2023-11-13,19443.55,0.000937
2023-11-15,19675.45,0.011927
2023-11-16,19765.2,0.004562
2023-11-17,19731.8,-0.00169
2023-11-20,19694.0,-0.001916
2023-11-21,19783.4,0.004539
2023-11-22,19811.85,0.001438
2023-11-23,19802.0,-0.000497
2023-11-24,19794.7,-0.000369
2023-11-28,19889.7,0.004799
2023-11-29,20096.6,0.010402
2023-11-30,20133.15,0.001819
2023-12-01,20267.9,0.006693
2023-12-04,20686.8,0.020668
2023-12-05,20855.1,0.008136
2023-12-06,20937.7,0.003961
2023-12-07,20901.15,-0.001746
2023-12-08,20969.4,0.003265
2023-12-11,20997.1,0.001321
2023-12-12,20906.4,-0.00432
2023-12-13,20926.35,0.000954
2023-12-14,21182.7,0.01225
2023-12-15,21456.65,0.012933
2023-12-18,21418.65,-0.001771
2023-12-19,21453.1,0.001608
2023-12-20,21150.15,-0.014122
2023-12-21,21255.05,0.00496
2023-12-22,21349.4,0.004439
2023-12-26,21441.35,0.004307
2023-12-27,21654.75,0.009953
2023-12-28,21778.7,0.005724
2023-12-29,21731.4,-0.002172
2024-01-01,21741.9,0.000483
2024-01-02,21665.8,-0.0035
2024-01-03,21517.35,-0.006852
2024-01-04,21658.6,0.006564
2024-01-05,21710.8,0.00241
2024-01-08,21513.0,-0.009111
2024-01-09,21544.85,0.001481
2024-01-10,21618.7,0.003428
2024-01-11,21647.2,0.001318
2024-01-12,21894.55,0.011426
2024-01-15,22097.45,0.009267
2024-01-16,22032.3,-0.002948
2024-01-17,21571.95,-0.020894
2024-01-18,21462.25,-0.005085
2024-01-19,21622.4,0.007462
2024-01-23,21238.8,-0.017741
2024-01-24,21453.95,0.01013
2024-01-25,21352.6,-0.004724
2024-01-29,21737.6,0.018031
2024-01-30,21522.1,-0.009914
2024-01-31,21725.7,0.00946
2024-02-01,21697.45,-0.0013
2024-02-02,21853.8,0.007206
2024-02-05,21771.7,-0.003757
2024-02-06,21929.4,0.007243
2024-02-07,21930.5,5e-05
2024-02-08,21717.95,-0.009692
2024-02-09,21782.5,0.002972
2024-02-12,21616.05,-0.007641
2024-02-13,21743.25,0.005885
2024-02-14,21840.05,0.004452
2024-02-15,21910.75,0.003237
2024-02-16,22040.7,0.005931
2024-02-19,22122.25,0.0037
2024-02-20,22196.95,0.003377
2024-02-21,22055.05,-0.006393
2024-02-22,22217.45,0.007363
2024-02-23,22212.7,-0.000214
2024-02-26,22122.05,-0.004081
2024-02-27,22198.35,0.003449
2024-02-28,21951.15,-0.011136
2024-02-29,21982.8,0.001442
2024-03-01,22338.75,0.016192
2024-03-04,22405.6,0.002993
2024-03-05,22356.3,-0.0022
2024-03-06,22474.05,0.005267
2024-03-07,22493.55,0.000868
2024-03-11,22332.65,-0.007153
2024-03-12,22335.7,0.000137
2024-03-13,21997.7,-0.015133
2024-03-14,22146.65,0.006771
2024-03-15,22023.35,-0.005567
2024-03-18,22055.7,0.001469
2024-03-19,21817.45,-0.010802
2024-03-20,21839.1,0.000992
2024-03-21,22011.95,0.007915
2024-03-22,22096.75,0.003852
2024-03-26,22004.7,-0.004166
2024-03-27,22123.65,0.005406
2024-03-28,22326.9,0.009187
2024-04-01,22462.0,0.006051
2024-04-02,22453.3,-0.000387
2024-04-03,22434.65,-0.000831
2024-04-04,22514.65,0.003566
2024-04-05,22513.7,-4.2e-05
2024-04-08,22666.3,0.006778
2024-04-09,22642.75,-0.001039
2024-04-10,22753.8,0.004904
2024-04-12,22519.4,-0.010302
2024-04-15,22272.5,-0.010964
2024-04-16,22147.9,-0.005594
2024-04-18,21995.85,-0.006865
2024-04-19,22147.0,0.006872
2024-04-22,22336.4,0.008552
2024-04-23,22368.0,0.001415
2024-04-24,22402.4,0.001538
2024-04-25,22570.35,0.007497
2024-04-26,22419.95,-0.006664
2024-04-29,22643.4,0.009967
2024-04-30,22604.85,-0.001702
2024-05-02,22648.2,0.001918
2024-05-03,22475.85,-0.00761
2024-05-06,22442.7,-0.001475
2024-05-07,22302.5,-0.006247
2024-05-08,22302.5,0.0
2024-05-09,21957.5,-0.015469
2024-05-10,22055.2,0.00445
2024-05-13,22104.05,0.002215
2024-05-14,22217.85,0.005148
2024-05-15,22200.55,-0.000779
2024-05-16,22403.85,0.009157
2024-05-17,22466.1,0.002779
2024-05-21,22529.05,0.002802
2024-05-22,22597.8,0.003052
2024-05-23,22967.65,0.016367
2024-05-24,22957.1,-0.000459
2024-05-27,22932.45,-0.001074
2024-05-28,22888.15,-0.001932
2024-05-29,22704.7,-0.008015
2024-05-30,22488.65,-0.009516
2024-05-31,22530.7,0.00187
2024-06-03,23263.9,0.032542
2024-06-04,21884.5,-0.059294
2024-06-05,22620.35,0.033624
2024-06-06,22821.4,0.008888
2024-06-07,23290.15,0.02054
2024-06-10,23259.2,-0.001329
2024-06-11,23264.85,0.000243
2024-06-12,23322.95,0.002497
2024-06-13,23398.9,0.003256
2024-06-14,23465.6,0.002851
2024-06-18,23557.9,0.003933
2024-06-19,23516.0,-0.001779
2024-06-20,23567.0,0.002169
2024-06-21,23501.1,-0.002796
2024-06-24,23537.85,0.001564
2024-06-25,23721.3,0.007794
2024-06-26,23868.8,0.006218
2024-06-27,24044.5,0.007361
2024-06-28,24010.6,-0.00141
2024-07-01,24141.95,0.005471
2024-07-02,24123.85,-0.00075
2024-07-03,24286.5,0.006742
2024-07-04,24302.15,0.000644
2024-07-05,24323.85,0.000893
2024-07-08,24320.55,-0.000136
2024-07-09,24433.2,0.004632
2024-07-10,24324.45,-0.004451
2024-07-11,24315.95,-0.000349
2024-07-12,24502.15,0.007658
2024-07-15,24586.7,0.003451
2024-07-16,24613.0,0.00107
2024-07-18,24800.85,0.007632
2024-07-19,24530.9,-0.010885
2024-07-22,24509.25,-0.000883
2024-07-23,24479.05,-0.001232
2024-07-24,24413.5,-0.002678
2024-07-25,24406.1,-0.000303
2024-07-26,24834.85,0.017567
2024-07-29,24836.1,5e-05
2024-07-30,24857.3,0.000854
2024-07-31,24951.15,0.003776
2024-08-01,25010.9,0.002395
2024-08-02,24717.7,-0.011723
2024-08-05,24055.6,-0.026786
2024-08-06,23992.55,-0.002621
2024-08-07,24297.5,0.01271
2024-08-08,24117.0,-0.007429
2024-08-09,24367.5,0.010387
2024-08-12,24347.0,-0.000841
2024-08-13,24139.0,-0.008543
2024-08-14,24143.75,0.000197
2024-08-16,24541.15,0.01646
2024-08-19,24572.65,0.001284
2024-08-20,24698.85,0.005136
2024-08-21,24770.2,0.002889
2024-08-22,24811.5,0.001667
2024-08-23,24823.15,0.00047
2024-08-26,25010.6,0.007551
2024-08-27,25017.75,0.000286
2024-08-28,25052.35,0.001383
2024-08-29,25151.95,0.003976
2024-08-30,25235.9,0.003338
2024-09-02,25278.7,0.001696
2024-09-03,25279.85,4.5e-05
2024-09-04,25198.7,-0.00321
2024-09-05,25145.1,-0.002127
2024-09-06,24852.15,-0.01165
2024-09-09,24936.4,0.00339
2024-09-10,25041.1,0.004199
2024-09-11,24918.45,-0.004898
2024-09-12,25388.9,0.01888
2024-09-13,25356.5,-0.001276
2024-09-16,25383.75,0.001075
2024-09-17,25418.55,0.001371
2024-09-18,25377.55,-0.001613
2024-09-19,25415.8,0.001507
2024-09-20,25790.95,0.014761
2024-09-23,25939.05,0.005742
2024-09-24,25940.4,5.2e-05
2024-09-25,26004.15,0.002458
2024-09-26,26216.05,0.008149
2024-09-27,26178.95,-0.001415
2024-09-30,25810.85,-0.014061
2024-10-01,25796.9,-0.00054
2024-10-03,25250.1,-0.021196
2024-10-04,25014.6,-0.009327
2024-10-07,24795.75,-0.008749
2024-10-08,25013.15,0.008768
2024-10-09,24981.95,-0.001247
2024-10-10,24998.45,0.00066
2024-10-11,24964.25,-0.001368
2024-10-14,25127.95,0.006557
2024-10-15,25057.35,-0.00281
2024-10-16,24971.3,-0.003434
2024-10-17,24749.85,-0.008868
2024-10-18,24854.05,0.00421
2024-10-21,24781.1,-0.002935
2024-10-22,24472.1,-0.012469
2024-10-23,24435.5,-0.001496
2024-10-24,24399.4,-0.001477
2024-10-25,24180.8,-0.008959
2024-10-28,24339.15,0.006549
2024-10-29,24466.85,0.005247
2024-10-30,24340.85,-0.00515
2024-10-31,24205.35,-0.005567
2024-11-01,24304.35,0.00409
2024-11-04,23995.35,-0.012714
2024-11-05,24213.3,0.009083
2024-11-06,24484.05,0.011182
2024-11-07,24199.35,-0.011628
2024-11-08,24148.2,-0.002114
2024-11-11,24141.3,-0.000286
2024-11-12,23883.45,-0.010681
2024-11-13,23559.05,-0.013583
2024-11-14,23532.7,-0.001118
2024-11-18,23453.8,-0.003353
2024-11-19,23518.5,0.002759
2024-11-21,23349.9,-0.007169
2024-11-22,23907.25,0.023869
2024-11-25,24221.9,0.013161
2024-11-26,24194.5,-0.001131
2024-11-27,24274.9,0.003323
2024-11-28,23914.15,-0.014861
2024-11-29,24131.1,0.009072
2024-12-02,24276.05,0.006007
2024-12-03,24457.15,0.00746
2024-12-04,24467.45,0.000421
2024-12-05,24708.4,0.009848
2024-12-06,24677.8,-0.001238
2024-12-09,24619.0,-0.002383
2024-12-10,24610.05,-0.000364
2024-12-11,24641.8,0.00129
2024-12-12,24548.7,-0.003778
2024-12-13,24768.3,0.008945
2024-12-16,24668.25,-0.004039
2024-12-17,24336.0,-0.013469
2024-12-18,24198.85,-0.005636
2024-12-19,23951.7,-0.010213
2024-12-20,23587.5,-0.015206
2024-12-23,23753.45,0.007036
2024-12-24,23727.65,-0.001086
2024-12-26,23750.2,0.00095
2024-12-27,23813.4,0.002661
2024-12-30,23644.9,-0.007076
2024-12-31,23644.8,-4e-06
2025-01-01,23742.9,0.004149
2025-01-02,24188.65,0.018774
2025-01-03,24004.75,-0.007603
2025-01-06,23616.05,-0.016193
2025-01-07,23707.9,0.003889
2025-01-08,23688.95,-0.000799
2025-01-09,23526.5,-0.006858
2025-01-10,23431.5,-0.004038
2025-01-13,23085.95,-0.014747
2025-01-14,23176.05,0.003903
2025-01-15,23213.2,0.001603
2025-01-16,23311.8,0.004248
2025-01-17,23203.2,-0.004659
2025-01-20,23344.75,0.0061
2025-01-21,23024.65,-0.013712
2025-01-22,23155.35,0.005677
2025-01-23,23205.35,0.002159
2025-01-24,23092.2,-0.004876
2025-01-27,22829.15,-0.011391
2025-01-28,22957.25,0.005611
2025-01-29,23163.1,0.008967
2025-01-30,23249.5,0.00373
2025-01-31,23508.4,0.011136
2025-02-01,23482.15,-0.001117
2025-02-03,23361.05,-0.005157
2025-02-04,23739.25,0.016189
2025-02-05,23696.3,-0.001809
2025-02-06,23603.35,-0.003923
2025-02-07,23559.95,-0.001839
2025-02-10,23381.6,-0.00757
2025-02-11,23071.8,-0.01325
2025-02-12,23045.25,-0.001151
2025-02-13,23031.4,-0.000601
2025-02-14,22929.25,-0.004435
2025-02-17,22959.5,0.001319
2025-02-18,22945.3,-0.000618
2025-02-19,22932.9,-0.00054
2025-02-20,22913.15,-0.000861
2025-02-21,22795.9,-0.005117
2025-02-24,22553.35,-0.01064
2025-02-25,22547.55,-0.000257
2025-02-27,22545.05,-0.000111
2025-02-28,22124.7,-0.018645
2025-03-03,22119.3,-0.000244
2025-03-04,22082.65,-0.001657
2025-03-05,22337.3,0.011532
2025-03-06,22544.7,0.009285
2025-03-07,22552.5,0.000346
2025-03-10,22460.3,-0.004088
2025-03-11,22497.9,0.001674
2025-03-12,22470.5,-0.001218
2025-03-13,22397.2,-0.003262
2025-03-17,22508.75,0.004981
2025-03-18,22834.3,0.014463
2025-03-19,22907.6,0.00321
2025-03-20,23190.65,0.012356
2025-03-21,23350.4,0.006889
2025-03-24,23658.35,0.013188
2025-03-25,23668.65,0.000435
2025-03-26,23486.85,-0.007681
2025-03-27,23591.95,0.004475
2025-03-28,23519.35,-0.003077
2025-04-01,23165.7,-0.015037
2025-04-02,23332.35,0.007194
2025-04-03,23250.1,-0.003525
2025-04-04,22904.45,-0.014867
2025-04-07,22161.6,-0.032433
2025-04-08,22535.85,0.016887
2025-04-09,22399.15,-0.006066
2025-04-11,22828.55,0.01917
2025-04-15,23328.55,0.021902
2025-04-16,23437.2,0.004657
2025-04-17,23851.65,0.017683
2025-04-21,24125.55,0.011483
2025-04-22,24167.25,0.001728
2025-04-23,24328.95,0.006691
2025-04-24,24246.7,-0.003381
2025-04-25,24039.35,-0.008552
2025-04-28,24328.5,0.012028
2025-04-29,24335.95,0.000306
2025-04-30,24334.2,-7.2e-05
2025-05-02,24346.7,0.000514
2025-05-05,24461.15,0.004701
2025-05-06,24379.6,-0.003334
2025-05-07,24414.4,0.001427
2025-05-08,24273.8,-0.005759
2025-05-09,24008.0,-0.01095
2025-05-12,24924.7,0.038183
2025-05-13,24578.35,-0.013896
2025-05-14,24666.9,0.003603
2025-05-15,25062.1,0.016021
2025-05-16,25019.8,-0.001688
2025-05-19,24945.45,-0.002972
2025-05-20,24683.9,-0.010485
2025-05-21,24813.45,0.005248
2025-05-22,24609.7,-0.008211
2025-05-23,24853.15,0.009892
2025-05-26,25001.15,0.005955
2025-05-27,24826.2,-0.006998
2025-05-28,24752.45,-0.002971
2025-05-29,24833.6,0.003278
2025-05-30,24750.7,-0.003338
2025-06-02,24716.6,-0.001378
2025-06-03,24542.5,-0.007044
2025-06-04,24620.2,0.003166
2025-06-05,24750.9,0.005309
2025-06-06,25003.05,0.010188
2025-06-09,25103.2,0.004006
2025-06-10,25104.25,4.2e-05
2025-06-11,25141.4,0.00148
2025-06-12,24888.2,-0.010071
2025-06-13,24718.6,-0.006814
2025-06-16,24946.5,0.00922
2025-06-17,24853.4,-0.003732
2025-06-18,24812.05,-0.001664
2025-06-19,24793.25,-0.000758
2025-06-20,25112.4,0.012872
2025-06-23,24971.9,-0.005595
2025-06-24,25044.35,0.002901
2025-06-25,25244.75,0.008002
2025-06-26,25549.0,0.012052
2025-06-27,25637.8,0.003476
2025-06-30,25517.05,-0.00471
2025-07-01,25541.8,0.00097
2025-07-02,25453.4,-0.003461
2025-07-03,25405.3,-0.00189
2025-07-04,25461.0,0.002192
2025-07-07,25461.3,1.2e-05
2025-07-08,25522.5,0.002404
2025-07-09,25476.1,-0.001818
2025-07-10,25355.25,-0.004744
2025-07-11,25149.85,-0.008101
2025-07-14,25082.3,-0.002686
2025-07-15,25195.8,0.004525
2025-07-16,25212.05,0.000645
2025-07-17,25111.45,-0.00399
2025-07-18,24968.4,-0.005697
2025-07-21,25090.7,0.004898
2025-07-22,25060.9,-0.001188
2025-07-23,25219.9,0.006345
2025-07-24,25062.1,-0.006257
2025-07-25,24837.0,-0.008982
2025-07-28,24680.9,-0.006285
2025-07-29,24821.1,0.005681
2025-07-30,24855.05,0.001368
2025-07-31,24768.35,-0.003488
2025-08-01,24565.35,-0.008196
2025-08-04,24722.75,0.006407
2025-08-05,24649.55,-0.002961
2025-08-06,24574.2,-0.003057
2025-08-07,24596.15,0.000893
2025-08-08,24363.3,-0.009467
2025-08-11,24585.05,0.009102
2025-08-12,24487.4,-0.003972
2025-08-13,24619.35,0.005388
2025-08-14,24631.3,0.000485
2025-08-18,24876.95,0.009973
2025-08-19,24980.65,0.004169
2025-08-20,25050.55,0.002798
2025-08-21,25083.75,0.001325
2025-08-22,24870.1,-0.008517
2025-08-25,24967.75,0.003926
2025-08-26,24712.05,-0.010241
2025-08-28,24500.9,-0.008544
2025-08-29,24426.85,-0.003022
2025-09-01,24625.05,0.008114
2025-09-02,24579.6,-0.001846
2025-09-03,24715.05,0.005511
2025-09-04,24734.3,0.000779
2025-09-05,24741.0,0.000271
2025-09-08,24773.15,0.001299
2025-09-09,24868.6,0.003853
2025-09-10,24973.1,0.004202
2025-09-11,25005.5,0.001297
2025-09-12,25114.0,0.004339
2025-09-15,25069.2,-0.001784
2025-09-16,25239.1,0.006777
2025-09-17,25330.25,0.003611
2025-09-18,25423.6,0.003685
2025-09-19,25327.05,-0.003798
2025-09-22,25202.35,-0.004924
2025-09-23,25169.5,-0.001303
2025-09-24,25056.9,-0.004474
2025-09-25,24890.85,-0.006627
2025-09-26,24654.7,-0.009487
2025-09-29,24634.9,-0.000803
2025-09-30,24611.1,-0.000966
2025-10-01,24836.3,0.00915
2025-10-03,24894.25,0.002333
2025-10-06,25077.65,0.007367
2025-10-07,25108.3,0.001222
2025-10-08,25046.15,-0.002475
2025-10-09,25181.8,0.005416
2025-10-10,25285.35,0.004112
2025-10-13,25227.35,-0.002294
2025-10-14,25145.5,-0.003244
2025-10-15,25323.55,0.007081
2025-10-16,25585.3,0.010336
2025-10-17,25709.85,0.004868
2025-10-20,25843.15,0.005185
2025-10-21,25868.6,0.000985
2025-10-23,25891.4,0.000881
2025-10-24,25795.15,-0.003717
2025-10-27,25966.05,0.006625
2025-10-28,25936.2,-0.00115
2025-10-29,26053.9,0.004538
2025-10-30,25877.85,-0.006757
2025-10-31,25722.1,-0.006019
2025-11-03,25763.35,0.001604
2025-11-04,25597.65,-0.006432
2025-11-06,25509.7,-0.003436
2025-11-07,25492.3,-0.000682
2025-11-10,25574.35,0.003219
2025-11-11,25694.95,0.004716
2025-11-12,25875.8,0.007038
2025-11-13,25879.15,0.000129
2025-11-14,25910.05,0.001194
2025-11-17,26013.45,0.003991
2025-11-18,25910.05,-0.003975
2025-11-19,26052.65,0.005504
2025-11-20,26192.15,0.005355
2025-11-21,26068.15,-0.004734
2025-11-24,25959.5,-0.004168
2025-11-25,25884.8,-0.002878
2025-11-26,26205.3,0.012382
2025-11-27,26215.55,0.000391
2025-11-28,26202.95,-0.000481
2025-12-01,26175.75,-0.001038
2025-12-02,26032.2,-0.005484
2025-12-03,25986.0,-0.001775
2025-12-04,26033.75,0.001838
2025-12-05,26186.45,0.005865
2025-12-08,25960.55,-0.008627
2025-12-09,25839.65,-0.004657
2025-12-10,25758.0,-0.00316
2025-12-11,25898.55,0.005457
2025-12-12,26046.95,0.00573
2025-12-15,26027.3,-0.000754
2025-12-16,25860.1,-0.006424
2025-12-17,25818.55,-0.001607
2025-12-18,25815.55,-0.000116
2025-12-19,25966.4,0.005843
2025-12-22,26172.4,0.007933
2025-12-23,26177.15,0.000181
2025-12-24,26142.1,-0.001339
2025-12-26,26042.3,-0.003818
2025-12-29,25942.1,-0.003848
2025-12-30,25938.85,-0.000125
2025-12-31,26129.6,0.007354
2026-01-01,26146.55,0.000649
2026-01-02,26328.55,0.006961
2026-01-05,26250.3,-0.002972
2026-01-06,26178.7,-0.002728
2026-01-07,26140.75,-0.00145
2026-01-08,25876.85,-0.010095
2026-01-09,25683.3,-0.00748
2026-01-12,25790.25,0.004164
2026-01-13,25732.3,-0.002247
2026-01-14,25665.6,-0.002592
2026-01-16,25694.35,0.00112
2026-01-19,25585.5,-0.004236
2026-01-20,25232.5,-0.013797
2026-01-21,25157.5,-0.002972
2026-01-22,25289.9,0.005263
2026-01-23,25048.65,-0.009539
2026-01-27,25175.4,0.00506
2026-01-28,25342.75,0.006647
2026-01-29,25418.9,0.003005
2026-01-30,25320.65,-0.003865
2026-02-02,25088.4,-0.009172
2026-02-03,25727.55,0.025476
2026-02-04,25776.0,0.001883
2026-02-05,25642.8,-0.005168
2026-02-06,25693.7,0.001985
2026-02-09,25867.3,0.006757
2026-02-10,25935.15,0.002623
2026-02-11,25953.85,0.000721
2026-02-12,25807.2,-0.00565
2026-02-13,25471.1,-0.013023
2026-02-16,25682.75,0.008309
2026-02-17,25725.4,0.001661
2026-02-18,25819.35,0.003652
2026-02-19,25454.35,-0.014137
2026-02-20,25571.25,0.004593
2026-02-23,25713.0,0.005543
2026-02-24,25424.65,-0.011214
2026-02-25,25482.5,0.002275
2026-02-26,25496.55,0.000551
2026-02-27,25178.65,-0.012468
2026-03-02,24865.7,-0.012429
2026-03-04,24480.5,-0.015491
2026-03-05,24765.9,0.011658
2026-03-06,24450.45,-0.012737
2026-03-09,24028.05,-0.017276
2026-03-10,24261.6,0.00972
2026-03-11,23866.85,-0.016271
2026-03-12,23639.15,-0.00954
2026-03-13,23151.1,-0.020646
2026-03-16,23408.8,0.011131
2026-03-17,23581.15,0.007363
2026-03-18,23777.8,0.008339
2026-03-19,23002.15,-0.032621
2026-03-20,23114.5,0.004884
2026-03-23,22512.65,-0.026038
2026-03-24,22912.4,0.017757
2026-03-25,23306.45,0.017198
2026-03-27,22819.6,-0.020889
2026-03-30,22331.4,-0.021394
2026-04-01,22679.4,0.015583
2026-04-02,22713.1,0.001486
2026-04-06,22968.25,0.011234
2026-04-07,23123.65,0.006766
2026-04-08,23997.35,0.037784
2026-04-09,23775.1,-0.009261
2026-04-10,24050.6,0.011588
2026-04-13,23842.65,-0.008646
2026-04-15,24231.3,0.016301
2026-04-16,24196.75,-0.001426
2026-04-17,24353.55,0.00648
2026-04-20,24364.85,0.000464
2026-04-21,24576.6,0.008691
2026-04-22,24378.1,-0.008077
2026-04-23,24173.05,-0.008411
2026-04-24,23897.95,-0.01138
2026-04-27,24092.7,0.008149
2026-04-28,23995.7,-0.004026
2026-04-29,24177.65,0.007583
2026-04-30,23997.55,-0.007449
2026-05-04,24119.3,0.005073
2026-05-05,24032.8,-0.003586
2026-05-06,24330.95,0.012406
2026-05-07,24326.65,-0.000177
2026-05-08,24176.15,-0.006187
2026-05-11,23815.85,-0.014903
2026-05-12,23379.55,-0.01832
2026-05-13,23412.6,0.001414
2026-05-14,23689.6,0.011831
2026-05-15,23643.5,-0.001946
2026-05-18,23649.95,0.000273
2026-05-19,23618.0,-0.001351
2026-05-20,23659.0,0.001736
2026-05-21,23654.7,-0.000182
2026-05-22,23719.3,0.002731
2026-05-25,24031.7,0.013171
2026-05-26,23913.7,-0.00491
2026-05-27,23907.15,-0.000274
2026-05-29,23547.75,-0.015033
2026-06-01,23382.6,-0.007013
2026-06-02,23483.55,0.004317
2026-06-03,23405.6,-0.003319
2026-06-04,23416.55,0.000468
2026-06-05,23366.7,-0.002129
2026-06-08,23123.0,-0.010429
2026-06-09,23242.1,0.005151
2026-06-10,23214.95,-0.001168
2026-06-11,23161.6,-0.002298
2026-06-12,23622.9,0.019917
2026-06-15,23853.9,0.009779
2026-06-16,23989.15,0.00567
2026-06-17,24085.7,0.004025
2026-06-18,24168.0,0.003417
2026-06-19,24013.1,-0.006409
2026-06-22,24102.9,0.00374
2026-06-23,23824.1,-0.011567
2026-06-24,24021.65,0.008292
2026-06-25,24056.0,0.00143
2026-06-29,23946.25,-0.004562
2026-06-30,23865.75,-0.003362
2026-07-01,24005.85,0.00587
2026-07-02,24175.7,0.007075
2026-07-03,24270.85,0.003936
2026-07-06,24379.25,0.004466
